Using pre-set license
Built from '2022.3/release' branch; Version is '2022.3.48f1 (8bf49c377ebf) revision 9172124'; Using compiler version '192829333'; Build Type 'Release'
OS: 'Windows 11  (10.0.26100) 64bit CoreSingleLanguage' Language: 'en' Physical Memory: 15577 MB
BatchMode: 1, IsHumanControllingUs: 0, StartBugReporterOnCrash: 0, Is64bit: 1, IsPro: 1

COMMAND LINE ARGUMENTS:
C:\Unity\Unity\2022.3.48f1\Editor\Unity.exe
-adb2
-batchMode
-noUpm
-name
AssetImportWorker2
-projectPath
C:/Unity/Unity Game/SignWuest
-logFile
Logs/AssetImportWorker2.log
-srvPort
58213
Successfully changed project path to: C:/Unity/Unity Game/SignWuest
C:/Unity/Unity Game/SignWuest
[UnityMemory] Configuration Parameters - Can be set up in boot.config
    "memorysetup-bucket-allocator-granularity=16"
    "memorysetup-bucket-allocator-bucket-count=8"
    "memorysetup-bucket-allocator-block-size=33554432"
    "memorysetup-bucket-allocator-block-count=8"
    "memorysetup-main-allocator-block-size=16777216"
    "memorysetup-thread-allocator-block-size=16777216"
    "memorysetup-gfx-main-allocator-block-size=16777216"
    "memorysetup-gfx-thread-allocator-block-size=16777216"
    "memorysetup-cache-allocator-block-size=4194304"
    "memorysetup-typetree-allocator-block-size=2097152"
    "memorysetup-profiler-bucket-allocator-granularity=16"
    "memorysetup-profiler-bucket-allocator-bucket-count=8"
    "memorysetup-profiler-bucket-allocator-block-size=33554432"
    "memorysetup-profiler-bucket-allocator-block-count=8"
    "memorysetup-profiler-allocator-block-size=16777216"
    "memorysetup-profiler-editor-allocator-block-size=1048576"
    "memorysetup-temp-allocator-size-main=16777216"
    "memorysetup-job-temp-allocator-block-size=2097152"
    "memorysetup-job-temp-allocator-block-size-background=1048576"
    "memorysetup-job-temp-allocator-reduction-small-platforms=262144"
    "memorysetup-allocator-temp-initial-block-size-main=262144"
    "memorysetup-allocator-temp-initial-block-size-worker=262144"
    "memorysetup-temp-allocator-size-background-worker=32768"
    "memorysetup-temp-allocator-size-job-worker=262144"
    "memorysetup-temp-allocator-size-preload-manager=33554432"
    "memorysetup-temp-allocator-size-nav-mesh-worker=65536"
    "memorysetup-temp-allocator-size-audio-worker=65536"
    "memorysetup-temp-allocator-size-cloud-worker=32768"
    "memorysetup-temp-allocator-size-gi-baking-worker=262144"
    "memorysetup-temp-allocator-size-gfx=262144"
Player connection [24460]  Target information:

Player connection [24460]  * "[IP] 192.168.1.3 [Port] 0 [Flags] 2 [Guid] 3965957552 [EditorId] 3965957552 [Version] 1048832 [Id] WindowsEditor(7,LAPTOP-LSJ63DOT) [Debug] 1 [PackageName] WindowsEditor [ProjectName] Editor" 

Player connection [24460] Host joined multi-casting on [225.0.0.222:54997]...
Player connection [24460] Host joined alternative multi-casting on [225.0.0.222:34997]...
[PhysX] Initialized MultithreadedTaskDispatcher with 32 workers.
Refreshing native plugins compatible for Editor in 8.29 ms, found 5 plugins.
Preloading 0 native plugins for Editor in 0.00 ms.
Initialize engine version: 2022.3.48f1 (8bf49c377ebf)
[Subsystems] Discovering subsystems at path C:/Unity/Unity/2022.3.48f1/Editor/Data/Resources/UnitySubsystems
[Subsystems] Discovering subsystems at path C:/Unity/Unity Game/SignWuest/Assets
GfxDevice: creating device client; threaded=0; jobified=0
Direct3D:
    Version:  Direct3D 11.0 [level 11.1]
    Renderer: NVIDIA GeForce RTX 5050 Laptop GPU (ID=0x2dd8)
    Vendor:   NVIDIA
    VRAM:     7822 MB
    Driver:   32.0.15.7702
Shader 'MoreMountains/MMRipple': fallback shader 'Particle/AlphaBlended' not found
Initialize mono
Mono path[0] = 'C:/Unity/Unity/2022.3.48f1/Editor/Data/Managed'
Mono path[1] = 'C:/Unity/Unity/2022.3.48f1/Editor/Data/MonoBleedingEdge/lib/mono/unityjit-win32'
Mono config path = 'C:/Unity/Unity/2022.3.48f1/Editor/Data/MonoBleedingEdge/etc'
Using monoOptions --debugger-agent=transport=dt_socket,embedding=1,server=y,suspend=n,address=127.0.0.1:56356
Begin MonoManager ReloadAssembly
Registering precompiled unity dll's ...
Register platform support module: C:/Unity/Unity/2022.3.48f1/Editor/Data/PlaybackEngines/AndroidPlayer/UnityEditor.Android.Extensions.dll
Register platform support module: C:/Unity/Unity/2022.3.48f1/Editor/Data/PlaybackEngines/iOSSupport/UnityEditor.iOS.Extensions.dll
Register platform support module: C:/Unity/Unity/2022.3.48f1/Editor/Data/PlaybackEngines/WindowsStandaloneSupport/UnityEditor.WindowsStandalone.Extensions.dll
Registered in 0.007340 seconds.
- Loaded All Assemblies, in  0.279 seconds
Native extension for WindowsStandalone target not found
[usbmuxd] Start listen thread
[usbmuxd] Listen thread started
Native extension for iOS target not found
Native extension for Android target not found
Android Extension - Scanning For ADB Devices 269 ms
Mono: successfully reloaded assembly
- Finished resetting the current domain, in  0.480 seconds
Domain Reload Profiling: 758ms
	BeginReloadAssembly (93ms)
		ExecutionOrderSort (0ms)
		DisableScriptedObjects (0ms)
		BackupInstance (0ms)
		ReleaseScriptingObjects (0ms)
		CreateAndSetChildDomain (1ms)
	RebuildCommonClasses (22ms)
	RebuildNativeTypeToScriptingClass (7ms)
	initialDomainReloadingComplete (46ms)
	LoadAllAssembliesAndSetupDomain (109ms)
		LoadAssemblies (93ms)
		RebuildTransferFunctionScriptingTraits (0ms)
		AnalyzeDomain (107ms)
			TypeCache.Refresh (105ms)
				TypeCache.ScanAssembly (95ms)
			ScanForSourceGeneratedMonoScriptInfo (0ms)
			ResolveRequiredComponents (0ms)
	FinalizeReload (480ms)
		ReleaseScriptCaches (0ms)
		RebuildScriptCaches (0ms)
		SetupLoadedEditorAssemblies (448ms)
			LogAssemblyErrors (0ms)
			InitializePlatformSupportModulesInManaged (330ms)
			SetLoadedEditorAssemblies (3ms)
			RefreshPlugins (0ms)
			BeforeProcessingInitializeOnLoad (1ms)
			ProcessInitializeOnLoadAttributes (81ms)
			ProcessInitializeOnLoadMethodAttributes (32ms)
			AfterProcessingInitializeOnLoad (0ms)
			EditorAssembliesLoaded (0ms)
		ExecutionOrderSort2 (0ms)
		AwakeInstancesAfterBackupRestoration (0ms)
Assembly reference Packages/com.unity.cinemachine/Editor/Samples/ExposeHDRPInternals/HDRP-Editor-ref.asmref has no target assembly definition
========================================================================
Worker process is ready to serve import requests
Caller must complete domain reload
Assembly reference Packages/com.unity.cinemachine/Editor/Samples/ExposeHDRPInternals/HDRP-Editor-ref.asmref has no target assembly definition
Begin MonoManager ReloadAssembly
- Loaded All Assemblies, in  0.738 seconds
Native extension for WindowsStandalone target not found
Native extension for iOS target not found
Native extension for Android target not found
Assembly reference Packages/com.unity.cinemachine/Editor/Samples/ExposeHDRPInternals/HDRP-Editor-ref.asmref has no target assembly definition
Package Manager log level set to [2]
[Package Manager] Server::EnsureServerProcessIsRunning -- launch failed, reason: Unity was launched with the -noUpm command-line argument
[Package Manager] UpmClient::Send -- Unable to send message (not connected to UPM process).
[Package Manager] Cannot connect to Unity Package Manager local server
[Package Manager] Server::EnsureServerProcessIsRunning -- launch failed, reason: Unity was launched with the -noUpm command-line argument
[Package Manager] UpmClient::Send -- Unable to send message (not connected to UPM process).
[Package Manager] Cannot connect to Unity Package Manager local server
Mono: successfully reloaded assembly
- Finished resetting the current domain, in  1.807 seconds
Domain Reload Profiling: 2544ms
	BeginReloadAssembly (124ms)
		ExecutionOrderSort (0ms)
		DisableScriptedObjects (4ms)
		BackupInstance (0ms)
		ReleaseScriptingObjects (0ms)
		CreateAndSetChildDomain (20ms)
	RebuildCommonClasses (23ms)
	RebuildNativeTypeToScriptingClass (7ms)
	initialDomainReloadingComplete (23ms)
	LoadAllAssembliesAndSetupDomain (560ms)
		LoadAssemblies (407ms)
		RebuildTransferFunctionScriptingTraits (0ms)
		AnalyzeDomain (228ms)
			TypeCache.Refresh (187ms)
				TypeCache.ScanAssembly (168ms)
			ScanForSourceGeneratedMonoScriptInfo (28ms)
			ResolveRequiredComponents (12ms)
	FinalizeReload (1807ms)
		ReleaseScriptCaches (0ms)
		RebuildScriptCaches (0ms)
		SetupLoadedEditorAssemblies (1669ms)
			LogAssemblyErrors (0ms)
			InitializePlatformSupportModulesInManaged (19ms)
			SetLoadedEditorAssemblies (5ms)
			RefreshPlugins (0ms)
			BeforeProcessingInitializeOnLoad (70ms)
			ProcessInitializeOnLoadAttributes (1513ms)
			ProcessInitializeOnLoadMethodAttributes (56ms)
			AfterProcessingInitializeOnLoad (5ms)
			EditorAssembliesLoaded (0ms)
		ExecutionOrderSort2 (0ms)
		AwakeInstancesAfterBackupRestoration (4ms)
Shader 'MoreMountains/MMRipple': fallback shader 'Particle/AlphaBlended' not found
Launched and connected shader compiler UnityShaderCompiler.exe after 0.04 seconds
Refreshing native plugins compatible for Editor in 7.63 ms, found 5 plugins.
Preloading 0 native plugins for Editor in 0.00 ms.
Unloading 6742 Unused Serialized files (Serialized files now loaded: 0)
Unloading 40 unused Assets / (2.1 MB). Loaded Objects now: 7210.
Memory consumption went from 342.9 MB to 340.8 MB.
Total: 12.673700 ms (FindLiveObjects: 1.697100 ms CreateObjectMapping: 0.339700 ms MarkObjects: 9.103200 ms  DeleteObjects: 1.532000 ms)

AssetImportParameters requested are different than current active one (requested -> active):
  custom:container-demuxer-ogg: 62fdf1f143b41e24485cea50d1cbac27 -> 
  custom:framework-win-MediaFoundation: 216162199b28c13a410421893ffa2e32 -> 
  custom:container-muxer-webm: aa71ff27fc2769a1b78a27578f13a17b -> 
  custom:video-decoder-webm-vp8: 9c59270c3fd7afecdb556c50c9e8de78 -> 
  custom:SearchIndexIgnoredProperties: e643bd26f0fe6173181afceb89e7c659 -> 
  custom:AudioImporter_EditorPlatform: d09bf68614088b80899f8185d706f6e7 -> 
  custom:audio-decoder-ogg-vorbis: bf7c407c2cedff20999df2af8eb42d56 -> 
  custom:audio-encoder-webm-vorbis: bf7c407c2cedff20999df2af8eb42d56 -> 
  custom:video-codec-MediaFoundation-h265: 746d11721c4dcdbdad8f713fa42b33f4 -> 
  custom:video-decoder-ogg-theora: a1e56fd34408186e4bbccfd4996cb3dc -> 
  custom:CustomObjectIndexerAttribute: 9a22284fe3817be447336de3de66b15e -> 
  custom:container-demuxer-webm: 4f35f7cbe854078d1ac9338744f61a02 -> 
  custom:video-encoder-webm-vp8: eb34c28f22e8b96e1ab97ce403110664 -> 
========================================================================
Received Import Request.
  Time since last request: 164421.077072 seconds.
  path: Assets/3rdParty/ElvGames/Fantasy Dreamland Reborn/Winter Village/Tiles/FDR_Winter_Village_21.asset
  artifactKey: Guid(25fcdb5deed08634099842c8f0d1d883) Importer(815301076,1909f56bfc062723c751e8b465ee728b)
Start importing Assets/3rdParty/ElvGames/Fantasy Dreamland Reborn/Winter Village/Tiles/FDR_Winter_Village_21.asset using Guid(25fcdb5deed08634099842c8f0d1d883) Importer(815301076,1909f56bfc062723c751e8b465ee728b) [PhysX] Initialized MultithreadedTaskDispatcher with 32 workers.
 -> (artifact id: '6270f6c700fbceb248261ca49f49baaf') in 0.068550 seconds
Number of updated asset objects reloaded before import = 0
Number of asset objects unloaded after import = 3
========================================================================
Received Import Request.
  Time since last request: 0.000026 seconds.
  path: Assets/3rdParty/ElvGames/Fantasy Dreamland/Tilesets/Village/Tiles/FD_Village_16.asset
  artifactKey: Guid(61b34f5ec92977d48af5e0376e000f1a) Importer(815301076,1909f56bfc062723c751e8b465ee728b)
Start importing Assets/3rdParty/ElvGames/Fantasy Dreamland/Tilesets/Village/Tiles/FD_Village_16.asset using Guid(61b34f5ec92977d48af5e0376e000f1a) Importer(815301076,1909f56bfc062723c751e8b465ee728b) [PhysX] Initialized MultithreadedTaskDispatcher with 32 workers.
 -> (artifact id: 'f2a6cbe706a1f27e07385e3d6c669469') in 0.005858 seconds
Number of updated asset objects reloaded before import = 0
Number of asset objects unloaded after import = 3
========================================================================
Received Import Request.
  Time since last request: 0.000016 seconds.
  path: Assets/3rdParty/ElvGames/Fantasy Dreamland/Tilesets/Village/Tiles/FD_Village_604.asset
  artifactKey: Guid(40ca885c021fcdc408d0e0111f2f2f3a) Importer(815301076,1909f56bfc062723c751e8b465ee728b)
Start importing Assets/3rdParty/ElvGames/Fantasy Dreamland/Tilesets/Village/Tiles/FD_Village_604.asset using Guid(40ca885c021fcdc408d0e0111f2f2f3a) Importer(815301076,1909f56bfc062723c751e8b465ee728b) [PhysX] Initialized MultithreadedTaskDispatcher with 32 workers.
 -> (artifact id: 'e3ed8b6fa14e574fd97489a9525319c0') in 0.005272 seconds
Number of updated asset objects reloaded before import = 0
Number of asset objects unloaded after import = 3
========================================================================
Received Import Request.
  Time since last request: 0.000013 seconds.
  path: Assets/3rdParty/ElvGames/Fantasy Dreamland/Tilesets/Village/Tiles/FD_Village_47.asset
  artifactKey: Guid(04bdbb1076926a540b6750ffad04062d) Importer(815301076,1909f56bfc062723c751e8b465ee728b)
Start importing Assets/3rdParty/ElvGames/Fantasy Dreamland/Tilesets/Village/Tiles/FD_Village_47.asset using Guid(04bdbb1076926a540b6750ffad04062d) Importer(815301076,1909f56bfc062723c751e8b465ee728b) [PhysX] Initialized MultithreadedTaskDispatcher with 32 workers.
 -> (artifact id: '3dc5402182bc51e5ef654b3af4ed97e6') in 0.004578 seconds
Number of updated asset objects reloaded before import = 0
Number of asset objects unloaded after import = 3
========================================================================
Received Import Request.
  Time since last request: 0.000013 seconds.
  path: Assets/3rdParty/ElvGames/Fantasy Dreamland Reborn/Winter Village/Tiles/FDR_Winter_Village_522.asset
  artifactKey: Guid(9d4323372952ae24aa40ec90d13ef0e7) Importer(815301076,1909f56bfc062723c751e8b465ee728b)
Start importing Assets/3rdParty/ElvGames/Fantasy Dreamland Reborn/Winter Village/Tiles/FDR_Winter_Village_522.asset using Guid(9d4323372952ae24aa40ec90d13ef0e7) Importer(815301076,1909f56bfc062723c751e8b465ee728b) [PhysX] Initialized MultithreadedTaskDispatcher with 32 workers.
 -> (artifact id: '2f376d55e695719f472a13ddc50750fd') in 0.005514 seconds
Number of updated asset objects reloaded before import = 0
Number of asset objects unloaded after import = 3
========================================================================
Received Import Request.
  Time since last request: 0.000017 seconds.
  path: Assets/3rdParty/ElvGames/Fantasy Dreamland/Tilesets/Village/Tiles/FD_Village_590.asset
  artifactKey: Guid(33470ba5aa5233b4db997d20647bd1b1) Importer(815301076,1909f56bfc062723c751e8b465ee728b)
Start importing Assets/3rdParty/ElvGames/Fantasy Dreamland/Tilesets/Village/Tiles/FD_Village_590.asset using Guid(33470ba5aa5233b4db997d20647bd1b1) Importer(815301076,1909f56bfc062723c751e8b465ee728b) [PhysX] Initialized MultithreadedTaskDispatcher with 32 workers.
 -> (artifact id: 'a3125495d98adb2aa3e94b28ce6476bd') in 0.005869 seconds
Number of updated asset objects reloaded before import = 0
Number of asset objects unloaded after import = 3
========================================================================
Received Import Request.
  Time since last request: 0.000022 seconds.
  path: Assets/3rdParty/ElvGames/Fantasy Dreamland Reborn/Winter Village/Tiles/FDR_Winter_Village_222.asset
  artifactKey: Guid(5f7074bbe83acb34bafd999aeaf4d467) Importer(815301076,1909f56bfc062723c751e8b465ee728b)
Start importing Assets/3rdParty/ElvGames/Fantasy Dreamland Reborn/Winter Village/Tiles/FDR_Winter_Village_222.asset using Guid(5f7074bbe83acb34bafd999aeaf4d467) Importer(815301076,1909f56bfc062723c751e8b465ee728b) [PhysX] Initialized MultithreadedTaskDispatcher with 32 workers.
 -> (artifact id: 'ea728487fc68b62db9238a0875bd4995') in 0.007551 seconds
Number of updated asset objects reloaded before import = 0
Number of asset objects unloaded after import = 3
========================================================================
Received Import Request.
  Time since last request: 0.000013 seconds.
  path: Assets/3rdParty/ElvGames/Fantasy Dreamland Reborn/Winter Village/Tiles/FDR_Winter_Village_45.asset
  artifactKey: Guid(f37c7a5d6819a4b43a34c82789e531a6) Importer(815301076,1909f56bfc062723c751e8b465ee728b)
Start importing Assets/3rdParty/ElvGames/Fantasy Dreamland Reborn/Winter Village/Tiles/FDR_Winter_Village_45.asset using Guid(f37c7a5d6819a4b43a34c82789e531a6) Importer(815301076,1909f56bfc062723c751e8b465ee728b) [PhysX] Initialized MultithreadedTaskDispatcher with 32 workers.
 -> (artifact id: '702c0a82931a43c95aa3cf0ca404709f') in 0.004149 seconds
Number of updated asset objects reloaded before import = 0
Number of asset objects unloaded after import = 3
========================================================================
Received Import Request.
  Time since last request: 0.000018 seconds.
  path: Assets/3rdParty/ElvGames/Fantasy Dreamland/Tilesets/Caves/Animations/Caves_Ani 6.asset
  artifactKey: Guid(8cbe9c82b78f3a64b8291045b5fc83b4) Importer(815301076,1909f56bfc062723c751e8b465ee728b)
Start importing Assets/3rdParty/ElvGames/Fantasy Dreamland/Tilesets/Caves/Animations/Caves_Ani 6.asset using Guid(8cbe9c82b78f3a64b8291045b5fc83b4) Importer(815301076,1909f56bfc062723c751e8b465ee728b) [PhysX] Initialized MultithreadedTaskDispatcher with 32 workers.
 -> (artifact id: '3aa45cf24c8a5f7a3a5236595fd16eb1') in 0.002112 seconds
Number of updated asset objects reloaded before import = 0
Number of asset objects unloaded after import = 5
========================================================================
Received Import Request.
  Time since last request: 0.000012 seconds.
  path: Assets/3rdParty/ElvGames/Fantasy Dreamland Reborn/Village/Tiles/FDR_Village_332.asset
  artifactKey: Guid(431022e5d4df62441b6d691c702afc57) Importer(815301076,1909f56bfc062723c751e8b465ee728b)
Start importing Assets/3rdParty/ElvGames/Fantasy Dreamland Reborn/Village/Tiles/FDR_Village_332.asset using Guid(431022e5d4df62441b6d691c702afc57) Importer(815301076,1909f56bfc062723c751e8b465ee728b) [PhysX] Initialized MultithreadedTaskDispatcher with 32 workers.
 -> (artifact id: '0717b200de95a21d34fc12002e87536c') in 0.005206 seconds
Number of updated asset objects reloaded before import = 0
Number of asset objects unloaded after import = 3
========================================================================
Received Import Request.
  Time since last request: 0.000014 seconds.
  path: Assets/3rdParty/ElvGames/Fantasy Dreamland Reborn/Village/Tiles/FDR_Village_333.asset
  artifactKey: Guid(32dbec26c4fb83a40948d349314017c6) Importer(815301076,1909f56bfc062723c751e8b465ee728b)
Start importing Assets/3rdParty/ElvGames/Fantasy Dreamland Reborn/Village/Tiles/FDR_Village_333.asset using Guid(32dbec26c4fb83a40948d349314017c6) Importer(815301076,1909f56bfc062723c751e8b465ee728b) [PhysX] Initialized MultithreadedTaskDispatcher with 32 workers.
 -> (artifact id: '930b38a39a83a4a0c3527d1c5b4882bb') in 0.004278 seconds
Number of updated asset objects reloaded before import = 0
Number of asset objects unloaded after import = 3
========================================================================
Received Import Request.
  Time since last request: 0.000011 seconds.
  path: Assets/3rdParty/ElvGames/Fantasy Dreamland/Tilesets/Village/Tiles/FD_Village_56.asset
  artifactKey: Guid(be43c75c6f40dce48bd362ae8c96f0c3) Importer(815301076,1909f56bfc062723c751e8b465ee728b)
Start importing Assets/3rdParty/ElvGames/Fantasy Dreamland/Tilesets/Village/Tiles/FD_Village_56.asset using Guid(be43c75c6f40dce48bd362ae8c96f0c3) Importer(815301076,1909f56bfc062723c751e8b465ee728b) [PhysX] Initialized MultithreadedTaskDispatcher with 32 workers.
 -> (artifact id: '80ed9ae59150f60a2d5ad6f73c6f9527') in 0.004107 seconds
Number of updated asset objects reloaded before import = 0
Number of asset objects unloaded after import = 3
========================================================================
Received Import Request.
  Time since last request: 0.000013 seconds.
  path: Assets/3rdParty/ElvGames/Fantasy Dreamland/Tilesets/Winter Village/Tiles/FD_Winter_Village_480.asset
  artifactKey: Guid(7ef3b14f5002c314dbe4f6d204511dfe) Importer(815301076,1909f56bfc062723c751e8b465ee728b)
Start importing Assets/3rdParty/ElvGames/Fantasy Dreamland/Tilesets/Winter Village/Tiles/FD_Winter_Village_480.asset using Guid(7ef3b14f5002c314dbe4f6d204511dfe) Importer(815301076,1909f56bfc062723c751e8b465ee728b) [PhysX] Initialized MultithreadedTaskDispatcher with 32 workers.
 -> (artifact id: '2a8e9791b8b53e8397bc71846ae8a63d') in 0.005338 seconds
Number of updated asset objects reloaded before import = 0
Number of asset objects unloaded after import = 3
========================================================================
Received Import Request.
  Time since last request: 0.000011 seconds.
  path: Assets/3rdParty/ElvGames/Fantasy Dreamland/Tilesets/Village/Tiles/FD_Village_30.asset
  artifactKey: Guid(12bd4053d461ca142b57e8d6a1cd8a9c) Importer(815301076,1909f56bfc062723c751e8b465ee728b)
Start importing Assets/3rdParty/ElvGames/Fantasy Dreamland/Tilesets/Village/Tiles/FD_Village_30.asset using Guid(12bd4053d461ca142b57e8d6a1cd8a9c) Importer(815301076,1909f56bfc062723c751e8b465ee728b) [PhysX] Initialized MultithreadedTaskDispatcher with 32 workers.
 -> (artifact id: '19ef799b0f3d3125948deace76c78003') in 0.004127 seconds
Number of updated asset objects reloaded before import = 0
Number of asset objects unloaded after import = 3
========================================================================
Received Import Request.
  Time since last request: 0.000011 seconds.
  path: Assets/3rdParty/ElvGames/Fantasy Dreamland Reborn/Village/Tiles/FDR_Village_649.asset
  artifactKey: Guid(640972995bf30344da645287326cd58d) Importer(815301076,1909f56bfc062723c751e8b465ee728b)
Start importing Assets/3rdParty/ElvGames/Fantasy Dreamland Reborn/Village/Tiles/FDR_Village_649.asset using Guid(640972995bf30344da645287326cd58d) Importer(815301076,1909f56bfc062723c751e8b465ee728b) [PhysX] Initialized MultithreadedTaskDispatcher with 32 workers.
 -> (artifact id: 'e259a9eef7acca0182fe426f45823a9e') in 0.004033 seconds
Number of updated asset objects reloaded before import = 0
Number of asset objects unloaded after import = 3
========================================================================
Received Import Request.
  Time since last request: 0.000012 seconds.
  path: Assets/3rdParty/ElvGames/Fantasy Dreamland Reborn/Winter Village/Tiles/FDR_Winter_Village_8.asset
  artifactKey: Guid(321f7d9913ba924408346bc899a3289d) Importer(815301076,1909f56bfc062723c751e8b465ee728b)
Start importing Assets/3rdParty/ElvGames/Fantasy Dreamland Reborn/Winter Village/Tiles/FDR_Winter_Village_8.asset using Guid(321f7d9913ba924408346bc899a3289d) Importer(815301076,1909f56bfc062723c751e8b465ee728b) [PhysX] Initialized MultithreadedTaskDispatcher with 32 workers.
 -> (artifact id: '0d864babbafedbd017872b6c6f386c96') in 0.003917 seconds
Number of updated asset objects reloaded before import = 0
Number of asset objects unloaded after import = 3
========================================================================
Received Import Request.
  Time since last request: 0.000010 seconds.
  path: Assets/3rdParty/ElvGames/Fantasy Dreamland/Tilesets/Village/Tiles/FD_Village_835.asset
  artifactKey: Guid(2a780e92fb69e2e4396587c26476bd44) Importer(815301076,1909f56bfc062723c751e8b465ee728b)
Start importing Assets/3rdParty/ElvGames/Fantasy Dreamland/Tilesets/Village/Tiles/FD_Village_835.asset using Guid(2a780e92fb69e2e4396587c26476bd44) Importer(815301076,1909f56bfc062723c751e8b465ee728b) [PhysX] Initialized MultithreadedTaskDispatcher with 32 workers.
 -> (artifact id: '983a89e0dadf37870d3cb3b533ac2f14') in 0.004252 seconds
Number of updated asset objects reloaded before import = 0
Number of asset objects unloaded after import = 3
========================================================================
Received Import Request.
  Time since last request: 0.000013 seconds.
  path: Assets/3rdParty/ElvGames/Fantasy Dreamland Reborn/Winter Village/Tiles/FDR_Winter_Village_828.asset
  artifactKey: Guid(25dbdad59a5178642a9cbdadabeae6bc) Importer(815301076,1909f56bfc062723c751e8b465ee728b)
Start importing Assets/3rdParty/ElvGames/Fantasy Dreamland Reborn/Winter Village/Tiles/FDR_Winter_Village_828.asset using Guid(25dbdad59a5178642a9cbdadabeae6bc) Importer(815301076,1909f56bfc062723c751e8b465ee728b) [PhysX] Initialized MultithreadedTaskDispatcher with 32 workers.
 -> (artifact id: '7b48867100459a852fd8161c402ffb21') in 0.004488 seconds
Number of updated asset objects reloaded before import = 0
Number of asset objects unloaded after import = 3
========================================================================
Received Import Request.
  Time since last request: 0.000015 seconds.
  path: Assets/3rdParty/ElvGames/Fantasy Dreamland/Tilesets/Winter Village/Tiles/FD_Winter_Village_207.asset
  artifactKey: Guid(7d65568d1d291414bb7842f0f09aedff) Importer(815301076,1909f56bfc062723c751e8b465ee728b)
Start importing Assets/3rdParty/ElvGames/Fantasy Dreamland/Tilesets/Winter Village/Tiles/FD_Winter_Village_207.asset using Guid(7d65568d1d291414bb7842f0f09aedff) Importer(815301076,1909f56bfc062723c751e8b465ee728b) [PhysX] Initialized MultithreadedTaskDispatcher with 32 workers.
 -> (artifact id: '48d996007bb2570ac83d9c5b08915c86') in 0.008856 seconds
Number of updated asset objects reloaded before import = 0
Number of asset objects unloaded after import = 3
========================================================================
Received Import Request.
  Time since last request: 0.000023 seconds.
  path: Assets/3rdParty/ElvGames/Fantasy Dreamland/Tilesets/Winter Village/Tiles/FD_Winter_Village_485.asset
  artifactKey: Guid(a8e5acd4c91c72048abe219e3ec6b24c) Importer(815301076,1909f56bfc062723c751e8b465ee728b)
Start importing Assets/3rdParty/ElvGames/Fantasy Dreamland/Tilesets/Winter Village/Tiles/FD_Winter_Village_485.asset using Guid(a8e5acd4c91c72048abe219e3ec6b24c) Importer(815301076,1909f56bfc062723c751e8b465ee728b) [PhysX] Initialized MultithreadedTaskDispatcher with 32 workers.
 -> (artifact id: 'f3d9c1bcb6e60e65fc7593e2bc865951') in 0.005180 seconds
Number of updated asset objects reloaded before import = 0
Number of asset objects unloaded after import = 3
========================================================================
Received Import Request.
  Time since last request: 0.000014 seconds.
  path: Assets/3rdParty/ElvGames/Fantasy Dreamland Reborn/Winter Village/Tiles/FDR_Winter_Village_506.asset
  artifactKey: Guid(8a07eb5509760fd45a1f558ecf931430) Importer(815301076,1909f56bfc062723c751e8b465ee728b)
Start importing Assets/3rdParty/ElvGames/Fantasy Dreamland Reborn/Winter Village/Tiles/FDR_Winter_Village_506.asset using Guid(8a07eb5509760fd45a1f558ecf931430) Importer(815301076,1909f56bfc062723c751e8b465ee728b) [PhysX] Initialized MultithreadedTaskDispatcher with 32 workers.
 -> (artifact id: '49fe61862a63fbc2e5f8838e57fda336') in 0.004501 seconds
Number of updated asset objects reloaded before import = 0
Number of asset objects unloaded after import = 3
========================================================================
Received Import Request.
  Time since last request: 0.000012 seconds.
  path: Assets/3rdParty/ElvGames/Fantasy Dreamland Reborn/Village/Tiles/FDR_Village_256.asset
  artifactKey: Guid(2bed7f3024b4fd04aaaee4c0f399a901) Importer(815301076,1909f56bfc062723c751e8b465ee728b)
Start importing Assets/3rdParty/ElvGames/Fantasy Dreamland Reborn/Village/Tiles/FDR_Village_256.asset using Guid(2bed7f3024b4fd04aaaee4c0f399a901) Importer(815301076,1909f56bfc062723c751e8b465ee728b) [PhysX] Initialized MultithreadedTaskDispatcher with 32 workers.
 -> (artifact id: 'bac5886496672b1a99b468482616011a') in 0.004059 seconds
Number of updated asset objects reloaded before import = 0
Number of asset objects unloaded after import = 3
========================================================================
Received Import Request.
  Time since last request: 0.000012 seconds.
  path: Assets/3rdParty/ElvGames/Fantasy Dreamland Reborn/Village/Tiles/FDR_Village_656.asset
  artifactKey: Guid(6b4545580aa0b18448525efa43a78ec0) Importer(815301076,1909f56bfc062723c751e8b465ee728b)
Start importing Assets/3rdParty/ElvGames/Fantasy Dreamland Reborn/Village/Tiles/FDR_Village_656.asset using Guid(6b4545580aa0b18448525efa43a78ec0) Importer(815301076,1909f56bfc062723c751e8b465ee728b) [PhysX] Initialized MultithreadedTaskDispatcher with 32 workers.
 -> (artifact id: '3b730ae86eb16098db7ff056191f889f') in 0.004045 seconds
Number of updated asset objects reloaded before import = 0
Number of asset objects unloaded after import = 3
========================================================================
Received Import Request.
  Time since last request: 0.000013 seconds.
  path: Assets/3rdParty/ElvGames/Fantasy Dreamland/Tilesets/Village/Tiles/FD_Village_11.asset
  artifactKey: Guid(ecb2c0b6d05c7aa4c879ac24e59755b2) Importer(815301076,1909f56bfc062723c751e8b465ee728b)
Start importing Assets/3rdParty/ElvGames/Fantasy Dreamland/Tilesets/Village/Tiles/FD_Village_11.asset using Guid(ecb2c0b6d05c7aa4c879ac24e59755b2) Importer(815301076,1909f56bfc062723c751e8b465ee728b) [PhysX] Initialized MultithreadedTaskDispatcher with 32 workers.
 -> (artifact id: '919d4fe311a8c2f9ac6ed0e445508b76') in 0.004263 seconds
Number of updated asset objects reloaded before import = 0
Number of asset objects unloaded after import = 3
========================================================================
Received Import Request.
  Time since last request: 0.000012 seconds.
  path: Assets/3rdParty/ElvGames/Fantasy Dreamland/Tilesets/Village/Tiles/FD_Village_608.asset
  artifactKey: Guid(22c110bb0f3e7794598016289e470678) Importer(815301076,1909f56bfc062723c751e8b465ee728b)
Start importing Assets/3rdParty/ElvGames/Fantasy Dreamland/Tilesets/Village/Tiles/FD_Village_608.asset using Guid(22c110bb0f3e7794598016289e470678) Importer(815301076,1909f56bfc062723c751e8b465ee728b) [PhysX] Initialized MultithreadedTaskDispatcher with 32 workers.
 -> (artifact id: 'f53145d4c6e71e32588ba7f720c989a7') in 0.004457 seconds
Number of updated asset objects reloaded before import = 0
Number of asset objects unloaded after import = 3
========================================================================
Received Import Request.
  Time since last request: 0.000013 seconds.
  path: Assets/3rdParty/ElvGames/Fantasy Dreamland/Tilesets/Village/Tiles/FD_Village_15.asset
  artifactKey: Guid(47ecdd1d1dc0bcd46a475b2dd60fe800) Importer(815301076,1909f56bfc062723c751e8b465ee728b)
Start importing Assets/3rdParty/ElvGames/Fantasy Dreamland/Tilesets/Village/Tiles/FD_Village_15.asset using Guid(47ecdd1d1dc0bcd46a475b2dd60fe800) Importer(815301076,1909f56bfc062723c751e8b465ee728b) [PhysX] Initialized MultithreadedTaskDispatcher with 32 workers.
 -> (artifact id: '2dc1a7b1265d50c9cfe523f54b04b42a') in 0.004139 seconds
Number of updated asset objects reloaded before import = 0
Number of asset objects unloaded after import = 3
========================================================================
Received Import Request.
  Time since last request: 0.000018 seconds.
  path: Assets/3rdParty/ElvGames/Fantasy Dreamland Reborn/Winter Village/Tiles/FDR_Winter_Village_11.asset
  artifactKey: Guid(5b6c56040db18e345a1df0342511f17a) Importer(815301076,1909f56bfc062723c751e8b465ee728b)
Start importing Assets/3rdParty/ElvGames/Fantasy Dreamland Reborn/Winter Village/Tiles/FDR_Winter_Village_11.asset using Guid(5b6c56040db18e345a1df0342511f17a) Importer(815301076,1909f56bfc062723c751e8b465ee728b) [PhysX] Initialized MultithreadedTaskDispatcher with 32 workers.
 -> (artifact id: '5658711c7fec26959d1df6cd9d5d76b6') in 0.004212 seconds
Number of updated asset objects reloaded before import = 0
Number of asset objects unloaded after import = 3
========================================================================
Received Import Request.
  Time since last request: 0.000015 seconds.
  path: Assets/3rdParty/ElvGames/Fantasy Dreamland Reborn/Winter Village/Tiles/FDR_Winter_Village_20.asset
  artifactKey: Guid(8c5e788c7ff01ee4884873cbadefebff) Importer(815301076,1909f56bfc062723c751e8b465ee728b)
Start importing Assets/3rdParty/ElvGames/Fantasy Dreamland Reborn/Winter Village/Tiles/FDR_Winter_Village_20.asset using Guid(8c5e788c7ff01ee4884873cbadefebff) Importer(815301076,1909f56bfc062723c751e8b465ee728b) [PhysX] Initialized MultithreadedTaskDispatcher with 32 workers.
 -> (artifact id: '0ce11f7b1352574caa920fc8ffcfcf9d') in 0.005108 seconds
Number of updated asset objects reloaded before import = 0
Number of asset objects unloaded after import = 3
========================================================================
Received Import Request.
  Time since last request: 0.000020 seconds.
  path: Assets/3rdParty/ElvGames/Fantasy Dreamland Reborn/Village/Tiles/FDR_Village_90.asset
  artifactKey: Guid(9435a4a7c8284f44ab65850832a99690) Importer(815301076,1909f56bfc062723c751e8b465ee728b)
Start importing Assets/3rdParty/ElvGames/Fantasy Dreamland Reborn/Village/Tiles/FDR_Village_90.asset using Guid(9435a4a7c8284f44ab65850832a99690) Importer(815301076,1909f56bfc062723c751e8b465ee728b) [PhysX] Initialized MultithreadedTaskDispatcher with 32 workers.
 -> (artifact id: 'ef5ffda93b258da2b2fd890262241cbc') in 0.003986 seconds
Number of updated asset objects reloaded before import = 0
Number of asset objects unloaded after import = 3
========================================================================
Received Import Request.
  Time since last request: 0.000013 seconds.
  path: Assets/3rdParty/ElvGames/Fantasy Dreamland/Tilesets/Winter Village/Tiles/FD_Winter_Village_796.asset
  artifactKey: Guid(ae9f7862053956b418d30d1855ac5a47) Importer(815301076,1909f56bfc062723c751e8b465ee728b)
Start importing Assets/3rdParty/ElvGames/Fantasy Dreamland/Tilesets/Winter Village/Tiles/FD_Winter_Village_796.asset using Guid(ae9f7862053956b418d30d1855ac5a47) Importer(815301076,1909f56bfc062723c751e8b465ee728b) [PhysX] Initialized MultithreadedTaskDispatcher with 32 workers.
 -> (artifact id: '36e8e48889117dd9636e74ce0bc42349') in 0.005019 seconds
Number of updated asset objects reloaded before import = 0
Number of asset objects unloaded after import = 3
========================================================================
Received Import Request.
  Time since last request: 0.000019 seconds.
  path: Assets/3rdParty/ElvGames/Fantasy Dreamland/Tilesets/Village/Tiles/FD_Village_51.asset
  artifactKey: Guid(2eaf226021f6d1f4b8de8ea1425eb2a6) Importer(815301076,1909f56bfc062723c751e8b465ee728b)
Start importing Assets/3rdParty/ElvGames/Fantasy Dreamland/Tilesets/Village/Tiles/FD_Village_51.asset using Guid(2eaf226021f6d1f4b8de8ea1425eb2a6) Importer(815301076,1909f56bfc062723c751e8b465ee728b) [PhysX] Initialized MultithreadedTaskDispatcher with 32 workers.
 -> (artifact id: '302b1852631ef98a078020f2e97adb67') in 0.005694 seconds
Number of updated asset objects reloaded before import = 0
Number of asset objects unloaded after import = 3
========================================================================
Received Import Request.
  Time since last request: 0.000154 seconds.
  path: Assets/3rdParty/ElvGames/Fantasy Dreamland/Tilesets/Village/Tiles/FD_Village_90.asset
  artifactKey: Guid(3e22c37502bb44144b303a9a42fa45f8) Importer(815301076,1909f56bfc062723c751e8b465ee728b)
Start importing Assets/3rdParty/ElvGames/Fantasy Dreamland/Tilesets/Village/Tiles/FD_Village_90.asset using Guid(3e22c37502bb44144b303a9a42fa45f8) Importer(815301076,1909f56bfc062723c751e8b465ee728b) [PhysX] Initialized MultithreadedTaskDispatcher with 32 workers.
 -> (artifact id: 'afc0393af26743ae90d68cf5d07a2e85') in 0.004834 seconds
Number of updated asset objects reloaded before import = 0
Number of asset objects unloaded after import = 3
========================================================================
Received Import Request.
  Time since last request: 0.000012 seconds.
  path: Assets/3rdParty/ElvGames/Fantasy Dreamland/Tilesets/Village/Tiles/FD_Village_36.asset
  artifactKey: Guid(5d0eac3d0460a11469e345831cdd0a62) Importer(815301076,1909f56bfc062723c751e8b465ee728b)
Start importing Assets/3rdParty/ElvGames/Fantasy Dreamland/Tilesets/Village/Tiles/FD_Village_36.asset using Guid(5d0eac3d0460a11469e345831cdd0a62) Importer(815301076,1909f56bfc062723c751e8b465ee728b) [PhysX] Initialized MultithreadedTaskDispatcher with 32 workers.
 -> (artifact id: 'aab492ac931a8ecb6730c631a874c294') in 0.005126 seconds
Number of updated asset objects reloaded before import = 0
Number of asset objects unloaded after import = 3
========================================================================
Received Import Request.
  Time since last request: 0.000021 seconds.
  path: Assets/3rdParty/ElvGames/Fantasy Dreamland/Tilesets/Village/Tiles/FD_Village_509.asset
  artifactKey: Guid(eb16e297922ac474a95f685cff4a2905) Importer(815301076,1909f56bfc062723c751e8b465ee728b)
Start importing Assets/3rdParty/ElvGames/Fantasy Dreamland/Tilesets/Village/Tiles/FD_Village_509.asset using Guid(eb16e297922ac474a95f685cff4a2905) Importer(815301076,1909f56bfc062723c751e8b465ee728b) [PhysX] Initialized MultithreadedTaskDispatcher with 32 workers.
 -> (artifact id: '0a9399cabdd7c70a112bc4b045011686') in 0.004800 seconds
Number of updated asset objects reloaded before import = 0
Number of asset objects unloaded after import = 3
========================================================================
Received Import Request.
  Time since last request: 0.000015 seconds.
  path: Assets/3rdParty/ElvGames/Fantasy Dreamland/Tilesets/Winter Village/Tiles/FD_Winter_Village_872.asset
  artifactKey: Guid(65e13c404abe3e24986178e9fab1739f) Importer(815301076,1909f56bfc062723c751e8b465ee728b)
Start importing Assets/3rdParty/ElvGames/Fantasy Dreamland/Tilesets/Winter Village/Tiles/FD_Winter_Village_872.asset using Guid(65e13c404abe3e24986178e9fab1739f) Importer(815301076,1909f56bfc062723c751e8b465ee728b) [PhysX] Initialized MultithreadedTaskDispatcher with 32 workers.
 -> (artifact id: 'e0edd93eda504330c4d606b0839d1712') in 0.005325 seconds
Number of updated asset objects reloaded before import = 0
Number of asset objects unloaded after import = 3
========================================================================
Received Import Request.
  Time since last request: 0.000013 seconds.
  path: Assets/3rdParty/ElvGames/Fantasy Dreamland/Tilesets/Winter Village/Tiles/FD_Winter_Village_227.asset
  artifactKey: Guid(1128afbf51b4f2e45a36b8a11059d124) Importer(815301076,1909f56bfc062723c751e8b465ee728b)
Start importing Assets/3rdParty/ElvGames/Fantasy Dreamland/Tilesets/Winter Village/Tiles/FD_Winter_Village_227.asset using Guid(1128afbf51b4f2e45a36b8a11059d124) Importer(815301076,1909f56bfc062723c751e8b465ee728b) [PhysX] Initialized MultithreadedTaskDispatcher with 32 workers.
 -> (artifact id: '83eaaefa084cf1def07b9b7f550a449c') in 0.004464 seconds
Number of updated asset objects reloaded before import = 0
Number of asset objects unloaded after import = 3
========================================================================
Received Import Request.
  Time since last request: 0.000063 seconds.
  path: Assets/3rdParty/ElvGames/Fantasy Dreamland/Tilesets/Village/Tiles/FD_Village_48.asset
  artifactKey: Guid(fb684f5389f83f24393cf105be9fc91b) Importer(815301076,1909f56bfc062723c751e8b465ee728b)
Start importing Assets/3rdParty/ElvGames/Fantasy Dreamland/Tilesets/Village/Tiles/FD_Village_48.asset using Guid(fb684f5389f83f24393cf105be9fc91b) Importer(815301076,1909f56bfc062723c751e8b465ee728b) [PhysX] Initialized MultithreadedTaskDispatcher with 32 workers.
 -> (artifact id: '61cbf8a81dae01f361aaeb9a4469c58f') in 0.005590 seconds
Number of updated asset objects reloaded before import = 0
Number of asset objects unloaded after import = 3
========================================================================
Received Import Request.
  Time since last request: 0.000014 seconds.
  path: Assets/3rdParty/ElvGames/Fantasy Dreamland/Tilesets/Winter Village/Tiles/FD_Winter_Village_224.asset
  artifactKey: Guid(e8727a22c5815b8449eeed276a0e92dc) Importer(815301076,1909f56bfc062723c751e8b465ee728b)
Start importing Assets/3rdParty/ElvGames/Fantasy Dreamland/Tilesets/Winter Village/Tiles/FD_Winter_Village_224.asset using Guid(e8727a22c5815b8449eeed276a0e92dc) Importer(815301076,1909f56bfc062723c751e8b465ee728b) [PhysX] Initialized MultithreadedTaskDispatcher with 32 workers.
 -> (artifact id: '43ae579eba2732c4164c24e331fb7379') in 0.004124 seconds
Number of updated asset objects reloaded before import = 0
Number of asset objects unloaded after import = 3
========================================================================
Received Import Request.
  Time since last request: 0.000020 seconds.
  path: Assets/3rdParty/ElvGames/Fantasy Dreamland Reborn/Winter Village/Tiles/FDR_Winter_Village_789.asset
  artifactKey: Guid(555a39cddbad5fb43a347f85fd927782) Importer(815301076,1909f56bfc062723c751e8b465ee728b)
Start importing Assets/3rdParty/ElvGames/Fantasy Dreamland Reborn/Winter Village/Tiles/FDR_Winter_Village_789.asset using Guid(555a39cddbad5fb43a347f85fd927782) Importer(815301076,1909f56bfc062723c751e8b465ee728b) [PhysX] Initialized MultithreadedTaskDispatcher with 32 workers.
 -> (artifact id: 'caab04ea3e8d2580987e408f99a5be6d') in 0.005411 seconds
Number of updated asset objects reloaded before import = 0
Number of asset objects unloaded after import = 3
========================================================================
Received Import Request.
  Time since last request: 0.000012 seconds.
  path: Assets/3rdParty/ElvGames/Fantasy Dreamland/Tilesets/Village/Tiles/FD_Village_2.asset
  artifactKey: Guid(3d8a2b979bc8ed744a505840bd912bb2) Importer(815301076,1909f56bfc062723c751e8b465ee728b)
Start importing Assets/3rdParty/ElvGames/Fantasy Dreamland/Tilesets/Village/Tiles/FD_Village_2.asset using Guid(3d8a2b979bc8ed744a505840bd912bb2) Importer(815301076,1909f56bfc062723c751e8b465ee728b) [PhysX] Initialized MultithreadedTaskDispatcher with 32 workers.
 -> (artifact id: 'ec81f34ddb6931c1da9d1683ee7baefb') in 0.005829 seconds
Number of updated asset objects reloaded before import = 0
Number of asset objects unloaded after import = 3
========================================================================
Received Import Request.
  Time since last request: 0.000015 seconds.
  path: Assets/3rdParty/ElvGames/Fantasy Dreamland/Tilesets/Winter Village/Tiles/FD_Winter_Village_490.asset
  artifactKey: Guid(e74eccf6834d3ee4b894358923a0db62) Importer(815301076,1909f56bfc062723c751e8b465ee728b)
Start importing Assets/3rdParty/ElvGames/Fantasy Dreamland/Tilesets/Winter Village/Tiles/FD_Winter_Village_490.asset using Guid(e74eccf6834d3ee4b894358923a0db62) Importer(815301076,1909f56bfc062723c751e8b465ee728b) [PhysX] Initialized MultithreadedTaskDispatcher with 32 workers.
 -> (artifact id: 'bb3f128c8b84696f5ca354bd2bb11a66') in 0.006207 seconds
Number of updated asset objects reloaded before import = 0
Number of asset objects unloaded after import = 3
========================================================================
Received Import Request.
  Time since last request: 0.000016 seconds.
  path: Assets/3rdParty/ElvGames/Fantasy Dreamland Reborn/Winter Village/Tiles/FDR_Winter_Village_9.asset
  artifactKey: Guid(f7edc1cffd5802d44948dff8fdd785c9) Importer(815301076,1909f56bfc062723c751e8b465ee728b)
Start importing Assets/3rdParty/ElvGames/Fantasy Dreamland Reborn/Winter Village/Tiles/FDR_Winter_Village_9.asset using Guid(f7edc1cffd5802d44948dff8fdd785c9) Importer(815301076,1909f56bfc062723c751e8b465ee728b) [PhysX] Initialized MultithreadedTaskDispatcher with 32 workers.
 -> (artifact id: 'a0aa69a4f3a31a32f1f5d368ce3d3dff') in 0.005037 seconds
Number of updated asset objects reloaded before import = 0
Number of asset objects unloaded after import = 3
========================================================================
Received Import Request.
  Time since last request: 0.000054 seconds.
  path: Assets/3rdParty/ElvGames/Fantasy Dreamland/Tilesets/Winter Village/Tiles/FD_Winter_Village_484.asset
  artifactKey: Guid(160cc299f58360246aada085b5867fc9) Importer(815301076,1909f56bfc062723c751e8b465ee728b)
Start importing Assets/3rdParty/ElvGames/Fantasy Dreamland/Tilesets/Winter Village/Tiles/FD_Winter_Village_484.asset using Guid(160cc299f58360246aada085b5867fc9) Importer(815301076,1909f56bfc062723c751e8b465ee728b) [PhysX] Initialized MultithreadedTaskDispatcher with 32 workers.
 -> (artifact id: '6d3fa84123046d72508028646f339dcf') in 0.004866 seconds
Number of updated asset objects reloaded before import = 0
Number of asset objects unloaded after import = 3
========================================================================
Received Import Request.
  Time since last request: 0.000017 seconds.
  path: Assets/3rdParty/ElvGames/Fantasy Dreamland Reborn/Village/Tiles/FDR_Village_105.asset
  artifactKey: Guid(d253e9257f85f2c40b181c4363dfe650) Importer(815301076,1909f56bfc062723c751e8b465ee728b)
Start importing Assets/3rdParty/ElvGames/Fantasy Dreamland Reborn/Village/Tiles/FDR_Village_105.asset using Guid(d253e9257f85f2c40b181c4363dfe650) Importer(815301076,1909f56bfc062723c751e8b465ee728b) [PhysX] Initialized MultithreadedTaskDispatcher with 32 workers.
 -> (artifact id: '7ae9992637d5cddd3a3b3e57f34c070a') in 0.005427 seconds
Number of updated asset objects reloaded before import = 0
Number of asset objects unloaded after import = 3
========================================================================
Received Import Request.
  Time since last request: 0.000014 seconds.
  path: Assets/3rdParty/ElvGames/Fantasy Dreamland/Tilesets/Village/Tiles/FD_Village_602.asset
  artifactKey: Guid(068566f631fd7934f94d430f44bf39af) Importer(815301076,1909f56bfc062723c751e8b465ee728b)
Start importing Assets/3rdParty/ElvGames/Fantasy Dreamland/Tilesets/Village/Tiles/FD_Village_602.asset using Guid(068566f631fd7934f94d430f44bf39af) Importer(815301076,1909f56bfc062723c751e8b465ee728b) [PhysX] Initialized MultithreadedTaskDispatcher with 32 workers.
 -> (artifact id: 'f230346cb7213cc3a55a6c9f6ed70bee') in 0.005191 seconds
Number of updated asset objects reloaded before import = 0
Number of asset objects unloaded after import = 3
========================================================================
Received Import Request.
  Time since last request: 0.000012 seconds.
  path: Assets/3rdParty/ElvGames/Fantasy Dreamland/Tilesets/Winter Village/Tiles/FD_Winter_Village_865.asset
  artifactKey: Guid(1ea2274d45931ac4a8850c8ea51887f6) Importer(815301076,1909f56bfc062723c751e8b465ee728b)
Start importing Assets/3rdParty/ElvGames/Fantasy Dreamland/Tilesets/Winter Village/Tiles/FD_Winter_Village_865.asset using Guid(1ea2274d45931ac4a8850c8ea51887f6) Importer(815301076,1909f56bfc062723c751e8b465ee728b) [PhysX] Initialized MultithreadedTaskDispatcher with 32 workers.
 -> (artifact id: 'b537baa499898e3038aba2f222115af4') in 0.004770 seconds
Number of updated asset objects reloaded before import = 0
Number of asset objects unloaded after import = 3
========================================================================
Received Import Request.
  Time since last request: 0.000015 seconds.
  path: Assets/3rdParty/ElvGames/Fantasy Dreamland/Tilesets/Animations/Sprites/FD_Animated_Lava.png
  artifactKey: Guid(86a8ec343574d3d44b17a10816517fc7) Importer(815301076,1909f56bfc062723c751e8b465ee728b)
Start importing Assets/3rdParty/ElvGames/Fantasy Dreamland/Tilesets/Animations/Sprites/FD_Animated_Lava.png using Guid(86a8ec343574d3d44b17a10816517fc7) Importer(815301076,1909f56bfc062723c751e8b465ee728b) [PhysX] Initialized MultithreadedTaskDispatcher with 32 workers.
[PhysX] Initialized MultithreadedTaskDispatcher with 32 workers.
 -> (artifact id: '0ae9de52486e53d0dc93fba7487489e8') in 0.231116 seconds
Number of updated asset objects reloaded before import = 0
Number of asset objects unloaded after import = 182
========================================================================
Received Import Request.
  Time since last request: 0.000014 seconds.
  path: Assets/3rdParty/ElvGames/Fantasy Dreamland/Tilesets/Village/Tiles/FD_Village_38.asset
  artifactKey: Guid(55958c07e7c012c438cc66d4add352c5) Importer(815301076,1909f56bfc062723c751e8b465ee728b)
Start importing Assets/3rdParty/ElvGames/Fantasy Dreamland/Tilesets/Village/Tiles/FD_Village_38.asset using Guid(55958c07e7c012c438cc66d4add352c5) Importer(815301076,1909f56bfc062723c751e8b465ee728b) [PhysX] Initialized MultithreadedTaskDispatcher with 32 workers.
 -> (artifact id: '32a34715d2aa62aa6d8c01d4a44d634e') in 0.004571 seconds
Number of updated asset objects reloaded before import = 0
Number of asset objects unloaded after import = 3
========================================================================
Received Import Request.
  Time since last request: 0.000032 seconds.
  path: Assets/3rdParty/ElvGames/Fantasy Dreamland Reborn/Winter Village/Tiles/FDR_Winter_Village_224.asset
  artifactKey: Guid(996b9dafa3556bc4b875c048384184fc) Importer(815301076,1909f56bfc062723c751e8b465ee728b)
Start importing Assets/3rdParty/ElvGames/Fantasy Dreamland Reborn/Winter Village/Tiles/FDR_Winter_Village_224.asset using Guid(996b9dafa3556bc4b875c048384184fc) Importer(815301076,1909f56bfc062723c751e8b465ee728b) [PhysX] Initialized MultithreadedTaskDispatcher with 32 workers.
 -> (artifact id: '56e7983f8fc51f0e46bf5f337ab6ee44') in 0.004731 seconds
Number of updated asset objects reloaded before import = 0
Number of asset objects unloaded after import = 3
========================================================================
Received Import Request.
  Time since last request: 0.000020 seconds.
  path: Assets/3rdParty/ElvGames/Fantasy Dreamland/Tilesets/Village/Tiles/FD_Village_836.asset
  artifactKey: Guid(dfc86e75917546a4dad0f22aed150a1d) Importer(815301076,1909f56bfc062723c751e8b465ee728b)
Start importing Assets/3rdParty/ElvGames/Fantasy Dreamland/Tilesets/Village/Tiles/FD_Village_836.asset using Guid(dfc86e75917546a4dad0f22aed150a1d) Importer(815301076,1909f56bfc062723c751e8b465ee728b) [PhysX] Initialized MultithreadedTaskDispatcher with 32 workers.
 -> (artifact id: '1193ec0a490e6432c0c5555f0d8997f5') in 0.004301 seconds
Number of updated asset objects reloaded before import = 0
Number of asset objects unloaded after import = 3
========================================================================
Received Import Request.
  Time since last request: 0.000016 seconds.
  path: Assets/3rdParty/ElvGames/Fantasy Dreamland/Tilesets/Village/Tiles/FD_Village_595.asset
  artifactKey: Guid(670b57a4f7c2a78449eb20113d36041c) Importer(815301076,1909f56bfc062723c751e8b465ee728b)
Start importing Assets/3rdParty/ElvGames/Fantasy Dreamland/Tilesets/Village/Tiles/FD_Village_595.asset using Guid(670b57a4f7c2a78449eb20113d36041c) Importer(815301076,1909f56bfc062723c751e8b465ee728b) [PhysX] Initialized MultithreadedTaskDispatcher with 32 workers.
 -> (artifact id: '3b25bd14a95292dcfc4120c661dfa991') in 0.006272 seconds
Number of updated asset objects reloaded before import = 0
Number of asset objects unloaded after import = 3
========================================================================
Received Import Request.
  Time since last request: 0.000019 seconds.
  path: Assets/3rdParty/ElvGames/Fantasy Dreamland/Tilesets/Winter Village/Tiles/FD_Winter_Village_222.asset
  artifactKey: Guid(7acf06527fc1a46459e64d8966bd2923) Importer(815301076,1909f56bfc062723c751e8b465ee728b)
Start importing Assets/3rdParty/ElvGames/Fantasy Dreamland/Tilesets/Winter Village/Tiles/FD_Winter_Village_222.asset using Guid(7acf06527fc1a46459e64d8966bd2923) Importer(815301076,1909f56bfc062723c751e8b465ee728b) [PhysX] Initialized MultithreadedTaskDispatcher with 32 workers.
 -> (artifact id: '25d82106ded9a655c9254e5b204d6e4d') in 0.004892 seconds
Number of updated asset objects reloaded before import = 0
Number of asset objects unloaded after import = 3
========================================================================
Received Import Request.
  Time since last request: 0.000015 seconds.
  path: Assets/3rdParty/ElvGames/Fantasy Dreamland/Tilesets/Village/Tiles/FD_Village_628.asset
  artifactKey: Guid(8145a73f8e01c3b4c98578cdd55c5cfc) Importer(815301076,1909f56bfc062723c751e8b465ee728b)
Start importing Assets/3rdParty/ElvGames/Fantasy Dreamland/Tilesets/Village/Tiles/FD_Village_628.asset using Guid(8145a73f8e01c3b4c98578cdd55c5cfc) Importer(815301076,1909f56bfc062723c751e8b465ee728b) [PhysX] Initialized MultithreadedTaskDispatcher with 32 workers.
 -> (artifact id: 'd9e9e418a18307cc5188c1420262781c') in 0.008038 seconds
Number of updated asset objects reloaded before import = 0
Number of asset objects unloaded after import = 3
========================================================================
Received Import Request.
  Time since last request: 0.000014 seconds.
  path: Assets/3rdParty/ElvGames/Fantasy Dreamland Reborn/Winter Village/Tiles/FDR_Winter_Village_780.asset
  artifactKey: Guid(ecd09581cef42e64bbf1aecbd6829252) Importer(815301076,1909f56bfc062723c751e8b465ee728b)
Start importing Assets/3rdParty/ElvGames/Fantasy Dreamland Reborn/Winter Village/Tiles/FDR_Winter_Village_780.asset using Guid(ecd09581cef42e64bbf1aecbd6829252) Importer(815301076,1909f56bfc062723c751e8b465ee728b) [PhysX] Initialized MultithreadedTaskDispatcher with 32 workers.
 -> (artifact id: 'e4bb1f74f6721b8227758a023db51fde') in 0.004026 seconds
Number of updated asset objects reloaded before import = 0
Number of asset objects unloaded after import = 3
========================================================================
Received Import Request.
  Time since last request: 0.000018 seconds.
  path: Assets/3rdParty/ElvGames/Fantasy Dreamland/Tilesets/Village/Tiles/FD_Village_503.asset
  artifactKey: Guid(86aa06e11c20d044ab0ef94a22046c04) Importer(815301076,1909f56bfc062723c751e8b465ee728b)
Start importing Assets/3rdParty/ElvGames/Fantasy Dreamland/Tilesets/Village/Tiles/FD_Village_503.asset using Guid(86aa06e11c20d044ab0ef94a22046c04) Importer(815301076,1909f56bfc062723c751e8b465ee728b) [PhysX] Initialized MultithreadedTaskDispatcher with 32 workers.
 -> (artifact id: '58cb63d91ce5939b363c536866d8bbb7') in 0.005753 seconds
Number of updated asset objects reloaded before import = 0
Number of asset objects unloaded after import = 3
========================================================================
Received Import Request.
  Time since last request: 0.000015 seconds.
  path: Assets/3rdParty/ElvGames/Fantasy Dreamland Reborn/Winter Village/Tiles/FDR_Winter_Village_508.asset
  artifactKey: Guid(83b64139cca771d4b9bb74f0bf5e8f4b) Importer(815301076,1909f56bfc062723c751e8b465ee728b)
Start importing Assets/3rdParty/ElvGames/Fantasy Dreamland Reborn/Winter Village/Tiles/FDR_Winter_Village_508.asset using Guid(83b64139cca771d4b9bb74f0bf5e8f4b) Importer(815301076,1909f56bfc062723c751e8b465ee728b) [PhysX] Initialized MultithreadedTaskDispatcher with 32 workers.
 -> (artifact id: '254f2bdeaba4000bfadb791390a190a5') in 0.004356 seconds
Number of updated asset objects reloaded before import = 0
Number of asset objects unloaded after import = 3
========================================================================
Received Import Request.
  Time since last request: 0.000022 seconds.
  path: Assets/3rdParty/ElvGames/Fantasy Dreamland Reborn/Village/Tiles/FDR_Village_268.asset
  artifactKey: Guid(a1cb3e19585701c47b72992f7df0c282) Importer(815301076,1909f56bfc062723c751e8b465ee728b)
Start importing Assets/3rdParty/ElvGames/Fantasy Dreamland Reborn/Village/Tiles/FDR_Village_268.asset using Guid(a1cb3e19585701c47b72992f7df0c282) Importer(815301076,1909f56bfc062723c751e8b465ee728b) [PhysX] Initialized MultithreadedTaskDispatcher with 32 workers.
 -> (artifact id: '1bd00bd1980bab57f09efebf045c6377') in 0.005577 seconds
Number of updated asset objects reloaded before import = 0
Number of asset objects unloaded after import = 3
========================================================================
Received Import Request.
  Time since last request: 0.000012 seconds.
  path: Assets/3rdParty/ElvGames/Fantasy Dreamland/Tilesets/Winter Village/Tiles/FD_Winter_Village_223.asset
  artifactKey: Guid(62f0c1bbf529a38479a1ff5ff6858442) Importer(815301076,1909f56bfc062723c751e8b465ee728b)
Start importing Assets/3rdParty/ElvGames/Fantasy Dreamland/Tilesets/Winter Village/Tiles/FD_Winter_Village_223.asset using Guid(62f0c1bbf529a38479a1ff5ff6858442) Importer(815301076,1909f56bfc062723c751e8b465ee728b) [PhysX] Initialized MultithreadedTaskDispatcher with 32 workers.
 -> (artifact id: '0730b27592161c01a291ecb7213fcaef') in 0.004411 seconds
Number of updated asset objects reloaded before import = 0
Number of asset objects unloaded after import = 3
========================================================================
Received Import Request.
  Time since last request: 0.000015 seconds.
  path: Assets/3rdParty/ElvGames/Fantasy Dreamland Reborn/Village/Tiles/FDR_Village_652.asset
  artifactKey: Guid(9ac6fdbc11f3e2c4a8b7d1aad1d317fe) Importer(815301076,1909f56bfc062723c751e8b465ee728b)
Start importing Assets/3rdParty/ElvGames/Fantasy Dreamland Reborn/Village/Tiles/FDR_Village_652.asset using Guid(9ac6fdbc11f3e2c4a8b7d1aad1d317fe) Importer(815301076,1909f56bfc062723c751e8b465ee728b) [PhysX] Initialized MultithreadedTaskDispatcher with 32 workers.
 -> (artifact id: '200e6e5456e5611e9265fe8ae96f96e0') in 0.004296 seconds
Number of updated asset objects reloaded before import = 0
Number of asset objects unloaded after import = 3
========================================================================
Received Import Request.
  Time since last request: 0.000014 seconds.
  path: Assets/3rdParty/ElvGames/Fantasy Dreamland/Tilesets/Village/Tiles/FD_Village_81.asset
  artifactKey: Guid(d83abfd5383dde2419db5efedce95c4e) Importer(815301076,1909f56bfc062723c751e8b465ee728b)
Start importing Assets/3rdParty/ElvGames/Fantasy Dreamland/Tilesets/Village/Tiles/FD_Village_81.asset using Guid(d83abfd5383dde2419db5efedce95c4e) Importer(815301076,1909f56bfc062723c751e8b465ee728b) [PhysX] Initialized MultithreadedTaskDispatcher with 32 workers.
 -> (artifact id: 'c7da315f8fc0b776fa00aa3a700de84f') in 0.005156 seconds
Number of updated asset objects reloaded before import = 0
Number of asset objects unloaded after import = 3
========================================================================
Received Import Request.
  Time since last request: 0.000016 seconds.
  path: Assets/3rdParty/ElvGames/Fantasy Dreamland Reborn/Winter Village/Tiles/FDR_Winter_Village_2.asset
  artifactKey: Guid(8a63b5d1e4a06da4cb4f30f0113187c0) Importer(815301076,1909f56bfc062723c751e8b465ee728b)
Start importing Assets/3rdParty/ElvGames/Fantasy Dreamland Reborn/Winter Village/Tiles/FDR_Winter_Village_2.asset using Guid(8a63b5d1e4a06da4cb4f30f0113187c0) Importer(815301076,1909f56bfc062723c751e8b465ee728b) [PhysX] Initialized MultithreadedTaskDispatcher with 32 workers.
 -> (artifact id: '1a59ca8779c421ce841fe65544c15ffa') in 0.005203 seconds
Number of updated asset objects reloaded before import = 0
Number of asset objects unloaded after import = 3
========================================================================
Received Import Request.
  Time since last request: 0.000015 seconds.
  path: Assets/3rdParty/ElvGames/Fantasy Dreamland Reborn/Winter Village/Tiles/FDR_Winter_Village_836.asset
  artifactKey: Guid(982ca2161cb959e4da4b1fe5fd12ac33) Importer(815301076,1909f56bfc062723c751e8b465ee728b)
Start importing Assets/3rdParty/ElvGames/Fantasy Dreamland Reborn/Winter Village/Tiles/FDR_Winter_Village_836.asset using Guid(982ca2161cb959e4da4b1fe5fd12ac33) Importer(815301076,1909f56bfc062723c751e8b465ee728b) [PhysX] Initialized MultithreadedTaskDispatcher with 32 workers.
 -> (artifact id: 'e76cfd3b94b46cd7c74ee632af5c57ce') in 0.003771 seconds
Number of updated asset objects reloaded before import = 0
Number of asset objects unloaded after import = 3
========================================================================
Received Import Request.
  Time since last request: 0.000013 seconds.
  path: Assets/3rdParty/ElvGames/Fantasy Dreamland/Tilesets/Village/Tiles/FD_Village_969.asset
  artifactKey: Guid(a0b924443f1004c488ffd4926be0c61c) Importer(815301076,1909f56bfc062723c751e8b465ee728b)
Start importing Assets/3rdParty/ElvGames/Fantasy Dreamland/Tilesets/Village/Tiles/FD_Village_969.asset using Guid(a0b924443f1004c488ffd4926be0c61c) Importer(815301076,1909f56bfc062723c751e8b465ee728b) [PhysX] Initialized MultithreadedTaskDispatcher with 32 workers.
 -> (artifact id: '9196a668c726c854b78ab6fe29b95b52') in 0.005145 seconds
Number of updated asset objects reloaded before import = 0
Number of asset objects unloaded after import = 3
========================================================================
Received Import Request.
  Time since last request: 0.000015 seconds.
  path: Assets/3rdParty/Adventure RPG Essentials Music Pack v1.1/WAV/06b Victory Fanfare.wav
  artifactKey: Guid(15ecae9d0e73c434697e0f83a1f505fd) Importer(815301076,1909f56bfc062723c751e8b465ee728b)
Start importing Assets/3rdParty/Adventure RPG Essentials Music Pack v1.1/WAV/06b Victory Fanfare.wav using Guid(15ecae9d0e73c434697e0f83a1f505fd) Importer(815301076,1909f56bfc062723c751e8b465ee728b) [PhysX] Initialized MultithreadedTaskDispatcher with 32 workers.
[PhysX] Initialized MultithreadedTaskDispatcher with 32 workers.
 -> (artifact id: '4dbb6944f3e7e5827314c435a267243a') in 0.051969 seconds
Number of updated asset objects reloaded before import = 0
Number of asset objects unloaded after import = 2
========================================================================
Received Import Request.
  Time since last request: 0.000017 seconds.
  path: Assets/3rdParty/ElvGames/Fantasy Dreamland/Tilesets/Village/Tiles/FD_Village_85.asset
  artifactKey: Guid(2b0898750844d03438296f6ba6a74b1a) Importer(815301076,1909f56bfc062723c751e8b465ee728b)
Start importing Assets/3rdParty/ElvGames/Fantasy Dreamland/Tilesets/Village/Tiles/FD_Village_85.asset using Guid(2b0898750844d03438296f6ba6a74b1a) Importer(815301076,1909f56bfc062723c751e8b465ee728b) [PhysX] Initialized MultithreadedTaskDispatcher with 32 workers.
 -> (artifact id: '303f7a2b920f2a6f7ea4fb6779f21b18') in 0.006194 seconds
Number of updated asset objects reloaded before import = 0
Number of asset objects unloaded after import = 3
========================================================================
Received Import Request.
  Time since last request: 0.000032 seconds.
  path: Assets/3rdParty/ElvGames/Fantasy Dreamland Reborn/Village/Tiles/FDR_Village_645.asset
  artifactKey: Guid(ac1e06533a44f774e9bc9c603855aee1) Importer(815301076,1909f56bfc062723c751e8b465ee728b)
Start importing Assets/3rdParty/ElvGames/Fantasy Dreamland Reborn/Village/Tiles/FDR_Village_645.asset using Guid(ac1e06533a44f774e9bc9c603855aee1) Importer(815301076,1909f56bfc062723c751e8b465ee728b) [PhysX] Initialized MultithreadedTaskDispatcher with 32 workers.
 -> (artifact id: '30ffcd2c55495120e5811ed1b4d51f03') in 0.006489 seconds
Number of updated asset objects reloaded before import = 0
Number of asset objects unloaded after import = 3
========================================================================
Received Import Request.
  Time since last request: 0.000018 seconds.
  path: Assets/3rdParty/ElvGames/Fantasy Dreamland Reborn/Winter Village/Tiles/FDR_Winter_Village_231.asset
  artifactKey: Guid(049aef5f193d3f34f8937bbf802289cf) Importer(815301076,1909f56bfc062723c751e8b465ee728b)
Start importing Assets/3rdParty/ElvGames/Fantasy Dreamland Reborn/Winter Village/Tiles/FDR_Winter_Village_231.asset using Guid(049aef5f193d3f34f8937bbf802289cf) Importer(815301076,1909f56bfc062723c751e8b465ee728b) [PhysX] Initialized MultithreadedTaskDispatcher with 32 workers.
 -> (artifact id: '1278be9d36c67eef111a0af4a825eba8') in 0.004471 seconds
Number of updated asset objects reloaded before import = 0
Number of asset objects unloaded after import = 3
========================================================================
Received Import Request.
  Time since last request: 0.000019 seconds.
  path: Assets/3rdParty/ElvGames/Fantasy Dreamland Reborn/Winter Village/Tiles/FDR_Winter_Village_787.asset
  artifactKey: Guid(6816a98b5cd19ba43bd16f967a516fef) Importer(815301076,1909f56bfc062723c751e8b465ee728b)
Start importing Assets/3rdParty/ElvGames/Fantasy Dreamland Reborn/Winter Village/Tiles/FDR_Winter_Village_787.asset using Guid(6816a98b5cd19ba43bd16f967a516fef) Importer(815301076,1909f56bfc062723c751e8b465ee728b) [PhysX] Initialized MultithreadedTaskDispatcher with 32 workers.
 -> (artifact id: '9c51e203afe0233d9cb2b3c9acc1ac9b') in 0.005220 seconds
Number of updated asset objects reloaded before import = 0
Number of asset objects unloaded after import = 3
========================================================================
Received Import Request.
  Time since last request: 0.000013 seconds.
  path: Assets/3rdParty/ElvGames/Fantasy Dreamland Reborn/Winter Village/Tiles/FDR_Winter_Village_837.asset
  artifactKey: Guid(4f44fa26d881f7e4c8cf725b35c463d8) Importer(815301076,1909f56bfc062723c751e8b465ee728b)
Start importing Assets/3rdParty/ElvGames/Fantasy Dreamland Reborn/Winter Village/Tiles/FDR_Winter_Village_837.asset using Guid(4f44fa26d881f7e4c8cf725b35c463d8) Importer(815301076,1909f56bfc062723c751e8b465ee728b) [PhysX] Initialized MultithreadedTaskDispatcher with 32 workers.
 -> (artifact id: 'f9e05855323f986aa17803ed00c0a516') in 0.004676 seconds
Number of updated asset objects reloaded before import = 0
Number of asset objects unloaded after import = 3
========================================================================
Received Import Request.
  Time since last request: 0.000018 seconds.
  path: Assets/3rdParty/ElvGames/Fantasy Dreamland Reborn/Winter Village/Tiles/FDR_Winter_Village_766.asset
  artifactKey: Guid(b6c3cdf2517742146a94824f997d25d6) Importer(815301076,1909f56bfc062723c751e8b465ee728b)
Start importing Assets/3rdParty/ElvGames/Fantasy Dreamland Reborn/Winter Village/Tiles/FDR_Winter_Village_766.asset using Guid(b6c3cdf2517742146a94824f997d25d6) Importer(815301076,1909f56bfc062723c751e8b465ee728b) [PhysX] Initialized MultithreadedTaskDispatcher with 32 workers.
 -> (artifact id: '07480394ab8527f29cd51d58699bef4c') in 0.005932 seconds
Number of updated asset objects reloaded before import = 0
Number of asset objects unloaded after import = 3
========================================================================
Received Import Request.
  Time since last request: 0.000022 seconds.
  path: Assets/3rdParty/ElvGames/Fantasy Dreamland/Tilesets/Village/Tiles/FD_Village_622.asset
  artifactKey: Guid(93a1227d98ba07d4fbbf3db990f308b5) Importer(815301076,1909f56bfc062723c751e8b465ee728b)
Start importing Assets/3rdParty/ElvGames/Fantasy Dreamland/Tilesets/Village/Tiles/FD_Village_622.asset using Guid(93a1227d98ba07d4fbbf3db990f308b5) Importer(815301076,1909f56bfc062723c751e8b465ee728b) [PhysX] Initialized MultithreadedTaskDispatcher with 32 workers.
 -> (artifact id: '29bd32437dc0bd10a503d2f6993fbfab') in 0.005960 seconds
Number of updated asset objects reloaded before import = 0
Number of asset objects unloaded after import = 3
========================================================================
Received Import Request.
  Time since last request: 0.000017 seconds.
  path: Assets/3rdParty/ElvGames/Fantasy Dreamland Reborn/Winter Village/Tiles/FDR_Winter_Village_39.asset
  artifactKey: Guid(af7d006011e75e844b22ff11b74cf618) Importer(815301076,1909f56bfc062723c751e8b465ee728b)
Start importing Assets/3rdParty/ElvGames/Fantasy Dreamland Reborn/Winter Village/Tiles/FDR_Winter_Village_39.asset using Guid(af7d006011e75e844b22ff11b74cf618) Importer(815301076,1909f56bfc062723c751e8b465ee728b) [PhysX] Initialized MultithreadedTaskDispatcher with 32 workers.
 -> (artifact id: 'e45e87242deceb6aaa2b7e2d2a61c25d') in 0.005193 seconds
Number of updated asset objects reloaded before import = 0
Number of asset objects unloaded after import = 3
========================================================================
Received Import Request.
  Time since last request: 0.000018 seconds.
  path: Assets/3rdParty/ElvGames/Fantasy Dreamland/Tilesets/Winter Village/Tiles/FD_Winter_Village_486.asset
  artifactKey: Guid(841919cc4c8844d4d84a9032d48c1cc3) Importer(815301076,1909f56bfc062723c751e8b465ee728b)
Start importing Assets/3rdParty/ElvGames/Fantasy Dreamland/Tilesets/Winter Village/Tiles/FD_Winter_Village_486.asset using Guid(841919cc4c8844d4d84a9032d48c1cc3) Importer(815301076,1909f56bfc062723c751e8b465ee728b) [PhysX] Initialized MultithreadedTaskDispatcher with 32 workers.
 -> (artifact id: '803aaec009cbcb287c5ea40d33cf6c3e') in 0.005356 seconds
Number of updated asset objects reloaded before import = 0
Number of asset objects unloaded after import = 3
========================================================================
Received Import Request.
  Time since last request: 0.000040 seconds.
  path: Assets/3rdParty/ElvGames/Fantasy Dreamland Reborn/Winter Village/Tiles/FDR_Winter_Village_773.asset
  artifactKey: Guid(5ee945b6973a4704899dbf0b38de69b7) Importer(815301076,1909f56bfc062723c751e8b465ee728b)
Start importing Assets/3rdParty/ElvGames/Fantasy Dreamland Reborn/Winter Village/Tiles/FDR_Winter_Village_773.asset using Guid(5ee945b6973a4704899dbf0b38de69b7) Importer(815301076,1909f56bfc062723c751e8b465ee728b) [PhysX] Initialized MultithreadedTaskDispatcher with 32 workers.
 -> (artifact id: '72214e6ce7179a8c3a0f05050c599f2d') in 0.005127 seconds
Number of updated asset objects reloaded before import = 0
Number of asset objects unloaded after import = 3
========================================================================
Received Import Request.
  Time since last request: 0.000021 seconds.
  path: Assets/3rdParty/ElvGames/Fantasy Dreamland/Tilesets/Winter Village/Tiles/FD_Winter_Village_868.asset
  artifactKey: Guid(1db51302efb55bc4088d8c7a5f5bb968) Importer(815301076,1909f56bfc062723c751e8b465ee728b)
Start importing Assets/3rdParty/ElvGames/Fantasy Dreamland/Tilesets/Winter Village/Tiles/FD_Winter_Village_868.asset using Guid(1db51302efb55bc4088d8c7a5f5bb968) Importer(815301076,1909f56bfc062723c751e8b465ee728b) [PhysX] Initialized MultithreadedTaskDispatcher with 32 workers.
 -> (artifact id: 'c3dc2185e5a392e7ee2010841fbd6378') in 0.005246 seconds
Number of updated asset objects reloaded before import = 0
Number of asset objects unloaded after import = 3
========================================================================
Received Import Request.
  Time since last request: 0.000015 seconds.
  path: Assets/3rdParty/ElvGames/Fantasy Dreamland/Tilesets/Village/Tiles/FD_Village_848.asset
  artifactKey: Guid(08f308cbed2da7846a95c54a11545ec2) Importer(815301076,1909f56bfc062723c751e8b465ee728b)
Start importing Assets/3rdParty/ElvGames/Fantasy Dreamland/Tilesets/Village/Tiles/FD_Village_848.asset using Guid(08f308cbed2da7846a95c54a11545ec2) Importer(815301076,1909f56bfc062723c751e8b465ee728b) [PhysX] Initialized MultithreadedTaskDispatcher with 32 workers.
 -> (artifact id: '4966ce91fd62b5e79b87944aef06b1dd') in 0.005066 seconds
Number of updated asset objects reloaded before import = 0
Number of asset objects unloaded after import = 3
========================================================================
Received Import Request.
  Time since last request: 0.000015 seconds.
  path: Assets/3rdParty/ElvGames/Fantasy Dreamland/Tilesets/Village/Tiles/FD_Village_4.asset
  artifactKey: Guid(86589d1791dadae4d8f279e2f63b1aa2) Importer(815301076,1909f56bfc062723c751e8b465ee728b)
Start importing Assets/3rdParty/ElvGames/Fantasy Dreamland/Tilesets/Village/Tiles/FD_Village_4.asset using Guid(86589d1791dadae4d8f279e2f63b1aa2) Importer(815301076,1909f56bfc062723c751e8b465ee728b) [PhysX] Initialized MultithreadedTaskDispatcher with 32 workers.
 -> (artifact id: 'f8f3b37ca49f44b8e026f8467cafabbd') in 0.005631 seconds
Number of updated asset objects reloaded before import = 0
Number of asset objects unloaded after import = 3
========================================================================
Received Import Request.
  Time since last request: 0.000013 seconds.
  path: Assets/3rdParty/ElvGames/Fantasy Dreamland Reborn/Village/Tiles/FDR_Village_346.asset
  artifactKey: Guid(7e3466b4eaf4c664fb43b30f54b72215) Importer(815301076,1909f56bfc062723c751e8b465ee728b)
Start importing Assets/3rdParty/ElvGames/Fantasy Dreamland Reborn/Village/Tiles/FDR_Village_346.asset using Guid(7e3466b4eaf4c664fb43b30f54b72215) Importer(815301076,1909f56bfc062723c751e8b465ee728b) [PhysX] Initialized MultithreadedTaskDispatcher with 32 workers.
 -> (artifact id: '3a410cd9c482ce6c74b57f75a043e65d') in 0.004462 seconds
Number of updated asset objects reloaded before import = 0
Number of asset objects unloaded after import = 3
========================================================================
Received Import Request.
  Time since last request: 0.000012 seconds.
  path: Assets/3rdParty/ElvGames/Fantasy Dreamland Reborn/Winter Village/Tiles/FDR_Winter_Village_502.asset
  artifactKey: Guid(5d3558a09f0419b41a649c8176eb1150) Importer(815301076,1909f56bfc062723c751e8b465ee728b)
Start importing Assets/3rdParty/ElvGames/Fantasy Dreamland Reborn/Winter Village/Tiles/FDR_Winter_Village_502.asset using Guid(5d3558a09f0419b41a649c8176eb1150) Importer(815301076,1909f56bfc062723c751e8b465ee728b) [PhysX] Initialized MultithreadedTaskDispatcher with 32 workers.
 -> (artifact id: '937773c833ddfd85b779532333adee13') in 0.006262 seconds
Number of updated asset objects reloaded before import = 0
Number of asset objects unloaded after import = 3
========================================================================
Received Import Request.
  Time since last request: 0.000013 seconds.
  path: Assets/3rdParty/ElvGames/Fantasy Dreamland/Tilesets/Winter Village/Tiles/FD_Winter_Village_481.asset
  artifactKey: Guid(5acc585294ecfc049aaa380ad9a23846) Importer(815301076,1909f56bfc062723c751e8b465ee728b)
Start importing Assets/3rdParty/ElvGames/Fantasy Dreamland/Tilesets/Winter Village/Tiles/FD_Winter_Village_481.asset using Guid(5acc585294ecfc049aaa380ad9a23846) Importer(815301076,1909f56bfc062723c751e8b465ee728b) [PhysX] Initialized MultithreadedTaskDispatcher with 32 workers.
 -> (artifact id: 'a9906ebb621d915f9f6e5b377bcbf161') in 0.005108 seconds
Number of updated asset objects reloaded before import = 0
Number of asset objects unloaded after import = 3
========================================================================
Received Import Request.
  Time since last request: 0.000012 seconds.
  path: Assets/3rdParty/ElvGames/Fantasy Dreamland Reborn/Village/Tiles/FDR_Village_271.asset
  artifactKey: Guid(ef3037cad7eeea348afe015aaa4f93c4) Importer(815301076,1909f56bfc062723c751e8b465ee728b)
Start importing Assets/3rdParty/ElvGames/Fantasy Dreamland Reborn/Village/Tiles/FDR_Village_271.asset using Guid(ef3037cad7eeea348afe015aaa4f93c4) Importer(815301076,1909f56bfc062723c751e8b465ee728b) [PhysX] Initialized MultithreadedTaskDispatcher with 32 workers.
 -> (artifact id: '7acf6b86465737f175bfc4c75a447c4f') in 0.004406 seconds
Number of updated asset objects reloaded before import = 0
Number of asset objects unloaded after import = 3
========================================================================
Received Import Request.
  Time since last request: 0.000014 seconds.
  path: Assets/3rdParty/ElvGames/Fantasy Dreamland Reborn/Village/Tiles/FDR_Village_660.asset
  artifactKey: Guid(eb8fed6aad3102e479f506a6eb6b3b51) Importer(815301076,1909f56bfc062723c751e8b465ee728b)
Start importing Assets/3rdParty/ElvGames/Fantasy Dreamland Reborn/Village/Tiles/FDR_Village_660.asset using Guid(eb8fed6aad3102e479f506a6eb6b3b51) Importer(815301076,1909f56bfc062723c751e8b465ee728b) [PhysX] Initialized MultithreadedTaskDispatcher with 32 workers.
 -> (artifact id: '05e7894112428578d86b1a169c0772a8') in 0.004850 seconds
Number of updated asset objects reloaded before import = 0
Number of asset objects unloaded after import = 3
========================================================================
Received Import Request.
  Time since last request: 0.000016 seconds.
  path: Assets/3rdParty/ElvGames/Fantasy Dreamland/Tilesets/Village/Tiles/FD_Village_28.asset
  artifactKey: Guid(713f30a7ad5efb34597727d51bcb4671) Importer(815301076,1909f56bfc062723c751e8b465ee728b)
Start importing Assets/3rdParty/ElvGames/Fantasy Dreamland/Tilesets/Village/Tiles/FD_Village_28.asset using Guid(713f30a7ad5efb34597727d51bcb4671) Importer(815301076,1909f56bfc062723c751e8b465ee728b) [PhysX] Initialized MultithreadedTaskDispatcher with 32 workers.
 -> (artifact id: 'e40c63575cdb875c30fa899a126444cc') in 0.004820 seconds
Number of updated asset objects reloaded before import = 0
Number of asset objects unloaded after import = 3
========================================================================
Received Import Request.
  Time since last request: 0.000018 seconds.
  path: Assets/3rdParty/ElvGames/Fantasy Dreamland/Tilesets/Village/Tiles/FD_Village_499.asset
  artifactKey: Guid(fb36aea4d52f4324f92cd6aad2b975fa) Importer(815301076,1909f56bfc062723c751e8b465ee728b)
Start importing Assets/3rdParty/ElvGames/Fantasy Dreamland/Tilesets/Village/Tiles/FD_Village_499.asset using Guid(fb36aea4d52f4324f92cd6aad2b975fa) Importer(815301076,1909f56bfc062723c751e8b465ee728b) [PhysX] Initialized MultithreadedTaskDispatcher with 32 workers.
 -> (artifact id: '9cf7a24bdc6319166c7e9b64bce1067e') in 0.004603 seconds
Number of updated asset objects reloaded before import = 0
Number of asset objects unloaded after import = 3
========================================================================
Received Import Request.
  Time since last request: 0.000014 seconds.
  path: Assets/3rdParty/ElvGames/Fantasy Dreamland Reborn/Village/Tiles/FDR_Village_338.asset
  artifactKey: Guid(23d28f42ff3965542929b80495c8a4a4) Importer(815301076,1909f56bfc062723c751e8b465ee728b)
Start importing Assets/3rdParty/ElvGames/Fantasy Dreamland Reborn/Village/Tiles/FDR_Village_338.asset using Guid(23d28f42ff3965542929b80495c8a4a4) Importer(815301076,1909f56bfc062723c751e8b465ee728b) [PhysX] Initialized MultithreadedTaskDispatcher with 32 workers.
 -> (artifact id: '1d7868a7aa3d99a3a27b338c047a9f5c') in 0.004241 seconds
Number of updated asset objects reloaded before import = 0
Number of asset objects unloaded after import = 3
========================================================================
Received Import Request.
  Time since last request: 0.000013 seconds.
  path: Assets/3rdParty/ElvGames/Fantasy Dreamland/Tilesets/Village/Tiles/FD_Village_939.asset
  artifactKey: Guid(0bb16a791db1fe143820427d76d1600f) Importer(815301076,1909f56bfc062723c751e8b465ee728b)
Start importing Assets/3rdParty/ElvGames/Fantasy Dreamland/Tilesets/Village/Tiles/FD_Village_939.asset using Guid(0bb16a791db1fe143820427d76d1600f) Importer(815301076,1909f56bfc062723c751e8b465ee728b) [PhysX] Initialized MultithreadedTaskDispatcher with 32 workers.
 -> (artifact id: '7b245bbd3bd3bfdadbd5f7a9ba9f5e53') in 0.005697 seconds
Number of updated asset objects reloaded before import = 0
Number of asset objects unloaded after import = 3
========================================================================
Received Import Request.
  Time since last request: 0.000013 seconds.
  path: Assets/3rdParty/ElvGames/Fantasy Dreamland/Tilesets/Village/Tiles/FD_Village_89.asset
  artifactKey: Guid(b52bd39c3f928b647bd1e09d82ed20ac) Importer(815301076,1909f56bfc062723c751e8b465ee728b)
Start importing Assets/3rdParty/ElvGames/Fantasy Dreamland/Tilesets/Village/Tiles/FD_Village_89.asset using Guid(b52bd39c3f928b647bd1e09d82ed20ac) Importer(815301076,1909f56bfc062723c751e8b465ee728b) [PhysX] Initialized MultithreadedTaskDispatcher with 32 workers.
 -> (artifact id: '1a097a5ac0f78614a3d57a1cb73d6c6c') in 0.005095 seconds
Number of updated asset objects reloaded before import = 0
Number of asset objects unloaded after import = 3
========================================================================
Received Import Request.
  Time since last request: 0.000015 seconds.
  path: Assets/3rdParty/ElvGames/Fantasy Dreamland/Tilesets/Village/Tiles/FD_Village_606.asset
  artifactKey: Guid(859e1d0f48b65f34c971f2d73dd4af03) Importer(815301076,1909f56bfc062723c751e8b465ee728b)
Start importing Assets/3rdParty/ElvGames/Fantasy Dreamland/Tilesets/Village/Tiles/FD_Village_606.asset using Guid(859e1d0f48b65f34c971f2d73dd4af03) Importer(815301076,1909f56bfc062723c751e8b465ee728b) [PhysX] Initialized MultithreadedTaskDispatcher with 32 workers.
 -> (artifact id: '357a6d69ccd1c40eb0596a7326dfc975') in 0.005668 seconds
Number of updated asset objects reloaded before import = 0
Number of asset objects unloaded after import = 3
========================================================================
Received Import Request.
  Time since last request: 0.000024 seconds.
  path: Assets/3rdParty/ElvGames/Fantasy Dreamland Reborn/Winter Village/Tiles/FDR_Winter_Village_46.asset
  artifactKey: Guid(295eea73bcb9fb046b91a9057d3e717a) Importer(815301076,1909f56bfc062723c751e8b465ee728b)
Start importing Assets/3rdParty/ElvGames/Fantasy Dreamland Reborn/Winter Village/Tiles/FDR_Winter_Village_46.asset using Guid(295eea73bcb9fb046b91a9057d3e717a) Importer(815301076,1909f56bfc062723c751e8b465ee728b) [PhysX] Initialized MultithreadedTaskDispatcher with 32 workers.
 -> (artifact id: '7e57cddad702a5fe850be6331944bf0b') in 0.007525 seconds
Number of updated asset objects reloaded before import = 0
Number of asset objects unloaded after import = 3
========================================================================
Received Import Request.
  Time since last request: 0.000014 seconds.
  path: Assets/3rdParty/ElvGames/Fantasy Dreamland Reborn/Village/Tiles/FDR_Village_261.asset
  artifactKey: Guid(aa708e0723567ec4ca7e4bf38fd8c545) Importer(815301076,1909f56bfc062723c751e8b465ee728b)
Start importing Assets/3rdParty/ElvGames/Fantasy Dreamland Reborn/Village/Tiles/FDR_Village_261.asset using Guid(aa708e0723567ec4ca7e4bf38fd8c545) Importer(815301076,1909f56bfc062723c751e8b465ee728b) [PhysX] Initialized MultithreadedTaskDispatcher with 32 workers.
 -> (artifact id: 'a0b9903ee4b548a29343f63808961dcc') in 0.006472 seconds
Number of updated asset objects reloaded before import = 0
Number of asset objects unloaded after import = 3
========================================================================
Received Import Request.
  Time since last request: 0.000024 seconds.
  path: Assets/3rdParty/ElvGames/Fantasy Dreamland/Tilesets/Winter Village/Tiles/FD_Winter_Village_487.asset
  artifactKey: Guid(8c46a7fd8cf02c641a030fc683278efe) Importer(815301076,1909f56bfc062723c751e8b465ee728b)
Start importing Assets/3rdParty/ElvGames/Fantasy Dreamland/Tilesets/Winter Village/Tiles/FD_Winter_Village_487.asset using Guid(8c46a7fd8cf02c641a030fc683278efe) Importer(815301076,1909f56bfc062723c751e8b465ee728b) [PhysX] Initialized MultithreadedTaskDispatcher with 32 workers.
 -> (artifact id: 'c29a3da63b66fb6160e7bdf62270aeb3') in 0.005500 seconds
Number of updated asset objects reloaded before import = 0
Number of asset objects unloaded after import = 3
========================================================================
Received Import Request.
  Time since last request: 0.000013 seconds.
  path: Assets/3rdParty/ElvGames/Fantasy Dreamland/Tilesets/Winter Village/Tiles/FD_Winter_Village_862.asset
  artifactKey: Guid(b2261a2dea551714b900c04f05276f13) Importer(815301076,1909f56bfc062723c751e8b465ee728b)
Start importing Assets/3rdParty/ElvGames/Fantasy Dreamland/Tilesets/Winter Village/Tiles/FD_Winter_Village_862.asset using Guid(b2261a2dea551714b900c04f05276f13) Importer(815301076,1909f56bfc062723c751e8b465ee728b) [PhysX] Initialized MultithreadedTaskDispatcher with 32 workers.
 -> (artifact id: '56e62e60dcc3be6d2fe6fec04eda96e1') in 0.005082 seconds
Number of updated asset objects reloaded before import = 0
Number of asset objects unloaded after import = 3
========================================================================
Received Import Request.
  Time since last request: 0.000015 seconds.
  path: Assets/3rdParty/ElvGames/Fantasy Dreamland/Tilesets/Winter Village/Tiles/FD_Winter_Village_792.asset
  artifactKey: Guid(2d2f84fcf5777ba44a0791f120d57573) Importer(815301076,1909f56bfc062723c751e8b465ee728b)
Start importing Assets/3rdParty/ElvGames/Fantasy Dreamland/Tilesets/Winter Village/Tiles/FD_Winter_Village_792.asset using Guid(2d2f84fcf5777ba44a0791f120d57573) Importer(815301076,1909f56bfc062723c751e8b465ee728b) [PhysX] Initialized MultithreadedTaskDispatcher with 32 workers.
 -> (artifact id: 'c84723430921db5c450fd05ea44f4e54') in 0.004820 seconds
Number of updated asset objects reloaded before import = 0
Number of asset objects unloaded after import = 3
========================================================================
Received Import Request.
  Time since last request: 0.000018 seconds.
  path: Assets/3rdParty/ElvGames/Fantasy Dreamland/Tilesets/Village/Tiles/FD_Village_33.asset
  artifactKey: Guid(a1f58bdc6bfa4aa49a0f25ea94949d70) Importer(815301076,1909f56bfc062723c751e8b465ee728b)
Start importing Assets/3rdParty/ElvGames/Fantasy Dreamland/Tilesets/Village/Tiles/FD_Village_33.asset using Guid(a1f58bdc6bfa4aa49a0f25ea94949d70) Importer(815301076,1909f56bfc062723c751e8b465ee728b) [PhysX] Initialized MultithreadedTaskDispatcher with 32 workers.
 -> (artifact id: '9e4662bd490b782d227b6e2b9ca8e733') in 0.005938 seconds
Number of updated asset objects reloaded before import = 0
Number of asset objects unloaded after import = 3
========================================================================
Received Import Request.
  Time since last request: 0.000013 seconds.
  path: Assets/3rdParty/ElvGames/Fantasy Dreamland/Tilesets/Village/Tiles/FD_Village_76.asset
  artifactKey: Guid(085bc8c6c41b461428cef7c2d41c8d67) Importer(815301076,1909f56bfc062723c751e8b465ee728b)
Start importing Assets/3rdParty/ElvGames/Fantasy Dreamland/Tilesets/Village/Tiles/FD_Village_76.asset using Guid(085bc8c6c41b461428cef7c2d41c8d67) Importer(815301076,1909f56bfc062723c751e8b465ee728b) [PhysX] Initialized MultithreadedTaskDispatcher with 32 workers.
 -> (artifact id: '0994470db3f92173a05e7eb88e94e868') in 0.004783 seconds
Number of updated asset objects reloaded before import = 0
Number of asset objects unloaded after import = 3
========================================================================
Received Import Request.
  Time since last request: 0.000015 seconds.
  path: Assets/3rdParty/ElvGames/Fantasy Dreamland Reborn/Winter Village/Tiles/FDR_Winter_Village_791.asset
  artifactKey: Guid(e6ad695fc5f89984487f0e5bf6c882a7) Importer(815301076,1909f56bfc062723c751e8b465ee728b)
Start importing Assets/3rdParty/ElvGames/Fantasy Dreamland Reborn/Winter Village/Tiles/FDR_Winter_Village_791.asset using Guid(e6ad695fc5f89984487f0e5bf6c882a7) Importer(815301076,1909f56bfc062723c751e8b465ee728b) [PhysX] Initialized MultithreadedTaskDispatcher with 32 workers.
 -> (artifact id: 'a33afc81d0ee7b9688deec1ff4c89473') in 0.004864 seconds
Number of updated asset objects reloaded before import = 0
Number of asset objects unloaded after import = 3
========================================================================
Received Import Request.
  Time since last request: 0.000016 seconds.
  path: Assets/3rdParty/ElvGames/Fantasy Dreamland/Tilesets/Winter Village/Tiles/FD_Winter_Village_217.asset
  artifactKey: Guid(9289b00da79bb67468f5056b04243bab) Importer(815301076,1909f56bfc062723c751e8b465ee728b)
Start importing Assets/3rdParty/ElvGames/Fantasy Dreamland/Tilesets/Winter Village/Tiles/FD_Winter_Village_217.asset using Guid(9289b00da79bb67468f5056b04243bab) Importer(815301076,1909f56bfc062723c751e8b465ee728b) [PhysX] Initialized MultithreadedTaskDispatcher with 32 workers.
 -> (artifact id: '64114a98c2d80f6cc5dc731de1442a85') in 0.004163 seconds
Number of updated asset objects reloaded before import = 0
Number of asset objects unloaded after import = 3
========================================================================
Received Import Request.
  Time since last request: 0.000021 seconds.
  path: Assets/3rdParty/ElvGames/Fantasy Dreamland/Tilesets/Village/Tiles/FD_Village_22.asset
  artifactKey: Guid(68bfbd4b936a81841b29995350432148) Importer(815301076,1909f56bfc062723c751e8b465ee728b)
Start importing Assets/3rdParty/ElvGames/Fantasy Dreamland/Tilesets/Village/Tiles/FD_Village_22.asset using Guid(68bfbd4b936a81841b29995350432148) Importer(815301076,1909f56bfc062723c751e8b465ee728b) [PhysX] Initialized MultithreadedTaskDispatcher with 32 workers.
 -> (artifact id: '158fb9719a26acd5fc51d9c8d0dc0b66') in 0.004765 seconds
Number of updated asset objects reloaded before import = 0
Number of asset objects unloaded after import = 3
========================================================================
Received Import Request.
  Time since last request: 0.000028 seconds.
  path: Assets/3rdParty/ElvGames/Fantasy Dreamland/Tilesets/Village/Tiles/FD_Village_61.asset
  artifactKey: Guid(65f31340718a5f84290c3d8de7d066ab) Importer(815301076,1909f56bfc062723c751e8b465ee728b)
Start importing Assets/3rdParty/ElvGames/Fantasy Dreamland/Tilesets/Village/Tiles/FD_Village_61.asset using Guid(65f31340718a5f84290c3d8de7d066ab) Importer(815301076,1909f56bfc062723c751e8b465ee728b) [PhysX] Initialized MultithreadedTaskDispatcher with 32 workers.
 -> (artifact id: 'aad8d360c4aba411306d557092dd24ae') in 0.004008 seconds
Number of updated asset objects reloaded before import = 0
Number of asset objects unloaded after import = 3
========================================================================
Received Import Request.
  Time since last request: 0.000021 seconds.
  path: Assets/3rdParty/ElvGames/Fantasy Dreamland/Tilesets/Village/Tiles/FD_Village_65.asset
  artifactKey: Guid(dd267ea5f244a4147843f6434d63e275) Importer(815301076,1909f56bfc062723c751e8b465ee728b)
Start importing Assets/3rdParty/ElvGames/Fantasy Dreamland/Tilesets/Village/Tiles/FD_Village_65.asset using Guid(dd267ea5f244a4147843f6434d63e275) Importer(815301076,1909f56bfc062723c751e8b465ee728b) [PhysX] Initialized MultithreadedTaskDispatcher with 32 workers.
 -> (artifact id: '61d45175df208c78613ff3d378ccf276') in 0.005279 seconds
Number of updated asset objects reloaded before import = 0
Number of asset objects unloaded after import = 3
========================================================================
Received Import Request.
  Time since last request: 0.000014 seconds.
  path: Assets/3rdParty/ElvGames/Fantasy Dreamland/Tilesets/Winter Village/Tiles/FD_Winter_Village_208.asset
  artifactKey: Guid(461da5f68de8bd342ab95af47d1ebee6) Importer(815301076,1909f56bfc062723c751e8b465ee728b)
Start importing Assets/3rdParty/ElvGames/Fantasy Dreamland/Tilesets/Winter Village/Tiles/FD_Winter_Village_208.asset using Guid(461da5f68de8bd342ab95af47d1ebee6) Importer(815301076,1909f56bfc062723c751e8b465ee728b) [PhysX] Initialized MultithreadedTaskDispatcher with 32 workers.
 -> (artifact id: '94a9c5949c958776bfbe269bc29534ba') in 0.005177 seconds
Number of updated asset objects reloaded before import = 0
Number of asset objects unloaded after import = 3
========================================================================
Received Import Request.
  Time since last request: 0.000017 seconds.
  path: Assets/3rdParty/ElvGames/Fantasy Dreamland/Tilesets/Village/Tiles/FD_Village_64.asset
  artifactKey: Guid(3a880668a19b96a409f933ac268d815c) Importer(815301076,1909f56bfc062723c751e8b465ee728b)
Start importing Assets/3rdParty/ElvGames/Fantasy Dreamland/Tilesets/Village/Tiles/FD_Village_64.asset using Guid(3a880668a19b96a409f933ac268d815c) Importer(815301076,1909f56bfc062723c751e8b465ee728b) [PhysX] Initialized MultithreadedTaskDispatcher with 32 workers.
 -> (artifact id: '27bda79d074c227c1e26f93f3dfa5584') in 0.006454 seconds
Number of updated asset objects reloaded before import = 0
Number of asset objects unloaded after import = 3
========================================================================
Received Import Request.
  Time since last request: 0.000018 seconds.
  path: Assets/3rdParty/ElvGames/Fantasy Dreamland Reborn/Winter Village/Tiles/FDR_Winter_Village_235.asset
  artifactKey: Guid(470a0cbc9d77916419e8f1f617a2274b) Importer(815301076,1909f56bfc062723c751e8b465ee728b)
Start importing Assets/3rdParty/ElvGames/Fantasy Dreamland Reborn/Winter Village/Tiles/FDR_Winter_Village_235.asset using Guid(470a0cbc9d77916419e8f1f617a2274b) Importer(815301076,1909f56bfc062723c751e8b465ee728b) [PhysX] Initialized MultithreadedTaskDispatcher with 32 workers.
 -> (artifact id: '3f25c23d3c523de5c7766a360d552a3d') in 0.005555 seconds
Number of updated asset objects reloaded before import = 0
Number of asset objects unloaded after import = 3
========================================================================
Received Import Request.
  Time since last request: 0.000016 seconds.
  path: Assets/3rdParty/ElvGames/Fantasy Dreamland/Tilesets/Village/Tiles/FD_Village_497.asset
  artifactKey: Guid(ad0ed192b8092f3429ef730b1ee80acf) Importer(815301076,1909f56bfc062723c751e8b465ee728b)
Start importing Assets/3rdParty/ElvGames/Fantasy Dreamland/Tilesets/Village/Tiles/FD_Village_497.asset using Guid(ad0ed192b8092f3429ef730b1ee80acf) Importer(815301076,1909f56bfc062723c751e8b465ee728b) [PhysX] Initialized MultithreadedTaskDispatcher with 32 workers.
 -> (artifact id: 'c01c7fefa8ae3404cc0bfa6841d61bb1') in 0.004920 seconds
Number of updated asset objects reloaded before import = 0
Number of asset objects unloaded after import = 3
========================================================================
Received Import Request.
  Time since last request: 0.000012 seconds.
  path: Assets/3rdParty/ElvGames/Fantasy Dreamland/Tilesets/Village/Tiles/FD_Village_8.asset
  artifactKey: Guid(925fb401826a9fb46bd7d28a92a7dbbf) Importer(815301076,1909f56bfc062723c751e8b465ee728b)
Start importing Assets/3rdParty/ElvGames/Fantasy Dreamland/Tilesets/Village/Tiles/FD_Village_8.asset using Guid(925fb401826a9fb46bd7d28a92a7dbbf) Importer(815301076,1909f56bfc062723c751e8b465ee728b) [PhysX] Initialized MultithreadedTaskDispatcher with 32 workers.
 -> (artifact id: 'c7ce43fc8869098dc19c1842401665a0') in 0.004388 seconds
Number of updated asset objects reloaded before import = 0
Number of asset objects unloaded after import = 3
========================================================================
Received Import Request.
  Time since last request: 0.000031 seconds.
  path: Assets/3rdParty/ElvGames/Fantasy Dreamland Reborn/Winter Village/Tiles/FDR_Winter_Village_219.asset
  artifactKey: Guid(a7dfc4183328b1040921df2604551d36) Importer(815301076,1909f56bfc062723c751e8b465ee728b)
Start importing Assets/3rdParty/ElvGames/Fantasy Dreamland Reborn/Winter Village/Tiles/FDR_Winter_Village_219.asset using Guid(a7dfc4183328b1040921df2604551d36) Importer(815301076,1909f56bfc062723c751e8b465ee728b) [PhysX] Initialized MultithreadedTaskDispatcher with 32 workers.
 -> (artifact id: '6b438917aff0478740e01f1abd47a58e') in 0.005009 seconds
Number of updated asset objects reloaded before import = 0
Number of asset objects unloaded after import = 3
========================================================================
Received Import Request.
  Time since last request: 0.000050 seconds.
  path: Assets/3rdParty/ElvGames/Fantasy Dreamland/Tilesets/Village/Tiles/FD_Village_983.asset
  artifactKey: Guid(cf3ea94388af7f04cbd95ea1beaece74) Importer(815301076,1909f56bfc062723c751e8b465ee728b)
Start importing Assets/3rdParty/ElvGames/Fantasy Dreamland/Tilesets/Village/Tiles/FD_Village_983.asset using Guid(cf3ea94388af7f04cbd95ea1beaece74) Importer(815301076,1909f56bfc062723c751e8b465ee728b) [PhysX] Initialized MultithreadedTaskDispatcher with 32 workers.
 -> (artifact id: '577e8caaf6e2638919a28e50144c05e2') in 0.004306 seconds
Number of updated asset objects reloaded before import = 0
Number of asset objects unloaded after import = 3
========================================================================
Received Import Request.
  Time since last request: 0.000019 seconds.
  path: Assets/3rdParty/ElvGames/Fantasy Dreamland/Tilesets/Village/Tiles/FD_Village_24.asset
  artifactKey: Guid(bf7b82f7caae0a241a1845d942cc7673) Importer(815301076,1909f56bfc062723c751e8b465ee728b)
Start importing Assets/3rdParty/ElvGames/Fantasy Dreamland/Tilesets/Village/Tiles/FD_Village_24.asset using Guid(bf7b82f7caae0a241a1845d942cc7673) Importer(815301076,1909f56bfc062723c751e8b465ee728b) [PhysX] Initialized MultithreadedTaskDispatcher with 32 workers.
 -> (artifact id: 'fdf78559fd7f60eed2d97b479b3a6ebb') in 0.004402 seconds
Number of updated asset objects reloaded before import = 0
Number of asset objects unloaded after import = 3
========================================================================
Received Import Request.
  Time since last request: 0.000012 seconds.
  path: Assets/3rdParty/ElvGames/Fantasy Dreamland Reborn/Village/Tiles/FDR_Village_264.asset
  artifactKey: Guid(00a62b7f02cf663478624bdd6e1371d2) Importer(815301076,1909f56bfc062723c751e8b465ee728b)
Start importing Assets/3rdParty/ElvGames/Fantasy Dreamland Reborn/Village/Tiles/FDR_Village_264.asset using Guid(00a62b7f02cf663478624bdd6e1371d2) Importer(815301076,1909f56bfc062723c751e8b465ee728b) [PhysX] Initialized MultithreadedTaskDispatcher with 32 workers.
 -> (artifact id: '3e4bb20d44db53694ae03adc62ebb375') in 0.004144 seconds
Number of updated asset objects reloaded before import = 0
Number of asset objects unloaded after import = 3
========================================================================
Received Import Request.
  Time since last request: 0.000013 seconds.
  path: Assets/3rdParty/ElvGames/Fantasy Dreamland Reborn/Winter Village/Tiles/FDR_Winter_Village_833.asset
  artifactKey: Guid(3d491556d6f2322438eac592f9da7d05) Importer(815301076,1909f56bfc062723c751e8b465ee728b)
Start importing Assets/3rdParty/ElvGames/Fantasy Dreamland Reborn/Winter Village/Tiles/FDR_Winter_Village_833.asset using Guid(3d491556d6f2322438eac592f9da7d05) Importer(815301076,1909f56bfc062723c751e8b465ee728b) [PhysX] Initialized MultithreadedTaskDispatcher with 32 workers.
 -> (artifact id: '3b67266cf3ee8c614b9dcc7b40b28c2d') in 0.004999 seconds
Number of updated asset objects reloaded before import = 0
Number of asset objects unloaded after import = 3
========================================================================
Received Import Request.
  Time since last request: 0.000018 seconds.
  path: Assets/3rdParty/ElvGames/Fantasy Dreamland/Tilesets/Caves/Animations/Caves_Ani 14.asset
  artifactKey: Guid(7b7b2191fba63ed4080fbd17cc387f50) Importer(815301076,1909f56bfc062723c751e8b465ee728b)
Start importing Assets/3rdParty/ElvGames/Fantasy Dreamland/Tilesets/Caves/Animations/Caves_Ani 14.asset using Guid(7b7b2191fba63ed4080fbd17cc387f50) Importer(815301076,1909f56bfc062723c751e8b465ee728b) [PhysX] Initialized MultithreadedTaskDispatcher with 32 workers.
 -> (artifact id: '426d6076ff3b4977fb7fdd7e96dbf897') in 0.001348 seconds
Number of updated asset objects reloaded before import = 0
Number of asset objects unloaded after import = 4
========================================================================
Received Import Request.
  Time since last request: 0.000014 seconds.
  path: Assets/3rdParty/ElvGames/Fantasy Dreamland/Tilesets/Village/Tiles/FD_Village_605.asset
  artifactKey: Guid(0530d1afc6db53c4aa922ad4870511bd) Importer(815301076,1909f56bfc062723c751e8b465ee728b)
Start importing Assets/3rdParty/ElvGames/Fantasy Dreamland/Tilesets/Village/Tiles/FD_Village_605.asset using Guid(0530d1afc6db53c4aa922ad4870511bd) Importer(815301076,1909f56bfc062723c751e8b465ee728b) [PhysX] Initialized MultithreadedTaskDispatcher with 32 workers.
 -> (artifact id: 'f45601dd41c446707cba220b7f8c0273') in 0.004975 seconds
Number of updated asset objects reloaded before import = 0
Number of asset objects unloaded after import = 3
========================================================================
Received Import Request.
  Time since last request: 0.000047 seconds.
  path: Assets/3rdParty/ElvGames/Fantasy Dreamland Reborn/Winter Village/Tiles/FDR_Winter_Village_781.asset
  artifactKey: Guid(400cfee0ec3bf684bbbb943b3dc0d8ef) Importer(815301076,1909f56bfc062723c751e8b465ee728b)
Start importing Assets/3rdParty/ElvGames/Fantasy Dreamland Reborn/Winter Village/Tiles/FDR_Winter_Village_781.asset using Guid(400cfee0ec3bf684bbbb943b3dc0d8ef) Importer(815301076,1909f56bfc062723c751e8b465ee728b) [PhysX] Initialized MultithreadedTaskDispatcher with 32 workers.
 -> (artifact id: '524a5a9438cd6bb8bf486d0cbd58140a') in 0.005183 seconds
Number of updated asset objects reloaded before import = 0
Number of asset objects unloaded after import = 3
========================================================================
Received Import Request.
  Time since last request: 0.000023 seconds.
  path: Assets/3rdParty/ElvGames/Fantasy Dreamland Reborn/Winter Village/Tiles/FDR_Winter_Village_510.asset
  artifactKey: Guid(8ca9a97aec6825e4c95c5a8a5f5e1a52) Importer(815301076,1909f56bfc062723c751e8b465ee728b)
Start importing Assets/3rdParty/ElvGames/Fantasy Dreamland Reborn/Winter Village/Tiles/FDR_Winter_Village_510.asset using Guid(8ca9a97aec6825e4c95c5a8a5f5e1a52) Importer(815301076,1909f56bfc062723c751e8b465ee728b) [PhysX] Initialized MultithreadedTaskDispatcher with 32 workers.
 -> (artifact id: '9faad904952d687ad8b53abae11f1535') in 0.005147 seconds
Number of updated asset objects reloaded before import = 0
Number of asset objects unloaded after import = 3
========================================================================
Received Import Request.
  Time since last request: 0.000039 seconds.
  path: Assets/3rdParty/ElvGames/Fantasy Dreamland Reborn/Village/Tiles/FDR_Village_259.asset
  artifactKey: Guid(e1b0a47aab6eafe4cbd1f179254f8dd7) Importer(815301076,1909f56bfc062723c751e8b465ee728b)
Start importing Assets/3rdParty/ElvGames/Fantasy Dreamland Reborn/Village/Tiles/FDR_Village_259.asset using Guid(e1b0a47aab6eafe4cbd1f179254f8dd7) Importer(815301076,1909f56bfc062723c751e8b465ee728b) [PhysX] Initialized MultithreadedTaskDispatcher with 32 workers.
 -> (artifact id: '1cb723b8f19e2c42404e01e76a266def') in 0.004500 seconds
Number of updated asset objects reloaded before import = 0
Number of asset objects unloaded after import = 3
========================================================================
Received Import Request.
  Time since last request: 0.000032 seconds.
  path: Assets/3rdParty/ElvGames/Fantasy Dreamland Reborn/Village/Tiles/FDR_Village_648.asset
  artifactKey: Guid(26f1743c4f5ba874a87d56ddb8323ce9) Importer(815301076,1909f56bfc062723c751e8b465ee728b)
Start importing Assets/3rdParty/ElvGames/Fantasy Dreamland Reborn/Village/Tiles/FDR_Village_648.asset using Guid(26f1743c4f5ba874a87d56ddb8323ce9) Importer(815301076,1909f56bfc062723c751e8b465ee728b) [PhysX] Initialized MultithreadedTaskDispatcher with 32 workers.
 -> (artifact id: '8b816a998dcff3db9a19ce6b872228de') in 0.008351 seconds
Number of updated asset objects reloaded before import = 0
Number of asset objects unloaded after import = 3
========================================================================
Received Import Request.
  Time since last request: 0.000013 seconds.
  path: Assets/3rdParty/ElvGames/Fantasy Dreamland Reborn/Winter Village/Tiles/FDR_Winter_Village_784.asset
  artifactKey: Guid(a7b8575083d730f48966156aadb46bba) Importer(815301076,1909f56bfc062723c751e8b465ee728b)
Start importing Assets/3rdParty/ElvGames/Fantasy Dreamland Reborn/Winter Village/Tiles/FDR_Winter_Village_784.asset using Guid(a7b8575083d730f48966156aadb46bba) Importer(815301076,1909f56bfc062723c751e8b465ee728b) [PhysX] Initialized MultithreadedTaskDispatcher with 32 workers.
 -> (artifact id: '709d45e010bcd14d6302f9c6fed3a664') in 0.003991 seconds
Number of updated asset objects reloaded before import = 0
Number of asset objects unloaded after import = 3
========================================================================
Received Import Request.
  Time since last request: 0.000014 seconds.
  path: Assets/3rdParty/ElvGames/Fantasy Dreamland Reborn/Village/Tiles/FDR_Village_655.asset
  artifactKey: Guid(b24c74c89fe2ac941aa15edb66b0312a) Importer(815301076,1909f56bfc062723c751e8b465ee728b)
Start importing Assets/3rdParty/ElvGames/Fantasy Dreamland Reborn/Village/Tiles/FDR_Village_655.asset using Guid(b24c74c89fe2ac941aa15edb66b0312a) Importer(815301076,1909f56bfc062723c751e8b465ee728b) [PhysX] Initialized MultithreadedTaskDispatcher with 32 workers.
 -> (artifact id: 'a59125353a087769e8a597134ecb4d8d') in 0.005186 seconds
Number of updated asset objects reloaded before import = 0
Number of asset objects unloaded after import = 3
========================================================================
Received Import Request.
  Time since last request: 0.000020 seconds.
  path: Assets/3rdParty/ElvGames/Fantasy Dreamland/Tilesets/Village/Tiles/FD_Village_988.asset
  artifactKey: Guid(06091533439f5144fa9df191b0d76baa) Importer(815301076,1909f56bfc062723c751e8b465ee728b)
Start importing Assets/3rdParty/ElvGames/Fantasy Dreamland/Tilesets/Village/Tiles/FD_Village_988.asset using Guid(06091533439f5144fa9df191b0d76baa) Importer(815301076,1909f56bfc062723c751e8b465ee728b) [PhysX] Initialized MultithreadedTaskDispatcher with 32 workers.
 -> (artifact id: '5e056cb3e86d899c598e6add2fa62270') in 0.004562 seconds
Number of updated asset objects reloaded before import = 0
Number of asset objects unloaded after import = 3
========================================================================
Received Import Request.
  Time since last request: 0.000013 seconds.
  path: Assets/3rdParty/ElvGames/Fantasy Dreamland Reborn/Village/Tiles/FDR_Village_331.asset
  artifactKey: Guid(3823669ba0e542d4383c0a167a6ecd07) Importer(815301076,1909f56bfc062723c751e8b465ee728b)
Start importing Assets/3rdParty/ElvGames/Fantasy Dreamland Reborn/Village/Tiles/FDR_Village_331.asset using Guid(3823669ba0e542d4383c0a167a6ecd07) Importer(815301076,1909f56bfc062723c751e8b465ee728b) [PhysX] Initialized MultithreadedTaskDispatcher with 32 workers.
 -> (artifact id: '0c4e765ec5a0eba0142cd9d0535d9f41') in 0.005468 seconds
Number of updated asset objects reloaded before import = 0
Number of asset objects unloaded after import = 3
========================================================================
Received Import Request.
  Time since last request: 0.000013 seconds.
  path: Assets/3rdParty/ElvGames/Fantasy Dreamland Reborn/Village/Tiles/FDR_Village_88.asset
  artifactKey: Guid(6a59f3f98863ea4479908a81dba1f66f) Importer(815301076,1909f56bfc062723c751e8b465ee728b)
Start importing Assets/3rdParty/ElvGames/Fantasy Dreamland Reborn/Village/Tiles/FDR_Village_88.asset using Guid(6a59f3f98863ea4479908a81dba1f66f) Importer(815301076,1909f56bfc062723c751e8b465ee728b) [PhysX] Initialized MultithreadedTaskDispatcher with 32 workers.
 -> (artifact id: 'daccfc787cab5de54a496a64198ff316') in 0.004163 seconds
Number of updated asset objects reloaded before import = 0
Number of asset objects unloaded after import = 3
========================================================================
Received Import Request.
  Time since last request: 0.000012 seconds.
  path: Assets/3rdParty/ElvGames/Fantasy Dreamland Reborn/Winter Village/Tiles/FDR_Winter_Village_834.asset
  artifactKey: Guid(04c806d3ffc3b894faddba6029661067) Importer(815301076,1909f56bfc062723c751e8b465ee728b)
Start importing Assets/3rdParty/ElvGames/Fantasy Dreamland Reborn/Winter Village/Tiles/FDR_Winter_Village_834.asset using Guid(04c806d3ffc3b894faddba6029661067) Importer(815301076,1909f56bfc062723c751e8b465ee728b) [PhysX] Initialized MultithreadedTaskDispatcher with 32 workers.
 -> (artifact id: '0451a71dbc4cc16181390554f664ae4e') in 0.004981 seconds
Number of updated asset objects reloaded before import = 0
Number of asset objects unloaded after import = 3
========================================================================
Received Import Request.
  Time since last request: 0.000021 seconds.
  path: Assets/3rdParty/ElvGames/Fantasy Dreamland/Tilesets/Village/Tiles/FD_Village_53.asset
  artifactKey: Guid(88142db44ae32d64ea11b15a027c4305) Importer(815301076,1909f56bfc062723c751e8b465ee728b)
Start importing Assets/3rdParty/ElvGames/Fantasy Dreamland/Tilesets/Village/Tiles/FD_Village_53.asset using Guid(88142db44ae32d64ea11b15a027c4305) Importer(815301076,1909f56bfc062723c751e8b465ee728b) [PhysX] Initialized MultithreadedTaskDispatcher with 32 workers.
 -> (artifact id: 'c893fb07df49883fb81ecfa8ed770079') in 0.005660 seconds
Number of updated asset objects reloaded before import = 0
Number of asset objects unloaded after import = 3
========================================================================
Received Import Request.
  Time since last request: 0.000028 seconds.
  path: Assets/3rdParty/ElvGames/Fantasy Dreamland/Tilesets/Winter Village/Tiles/FD_Winter_Village_211.asset
  artifactKey: Guid(ebdd3930d782eb947ba99cea678c4612) Importer(815301076,1909f56bfc062723c751e8b465ee728b)
Start importing Assets/3rdParty/ElvGames/Fantasy Dreamland/Tilesets/Winter Village/Tiles/FD_Winter_Village_211.asset using Guid(ebdd3930d782eb947ba99cea678c4612) Importer(815301076,1909f56bfc062723c751e8b465ee728b) [PhysX] Initialized MultithreadedTaskDispatcher with 32 workers.
 -> (artifact id: 'e0ef99097dd26a16c936d979f18d751d') in 0.004808 seconds
Number of updated asset objects reloaded before import = 0
Number of asset objects unloaded after import = 3
========================================================================
Received Import Request.
  Time since last request: 0.000013 seconds.
  path: Assets/3rdParty/ElvGames/Fantasy Dreamland Reborn/Winter Village/Tiles/FDR_Winter_Village_228.asset
  artifactKey: Guid(b8abb37014cceef4aa0d20b419cb2096) Importer(815301076,1909f56bfc062723c751e8b465ee728b)
Start importing Assets/3rdParty/ElvGames/Fantasy Dreamland Reborn/Winter Village/Tiles/FDR_Winter_Village_228.asset using Guid(b8abb37014cceef4aa0d20b419cb2096) Importer(815301076,1909f56bfc062723c751e8b465ee728b) [PhysX] Initialized MultithreadedTaskDispatcher with 32 workers.
 -> (artifact id: '62908500bdc373b45b07f7fc0a225795') in 0.004294 seconds
Number of updated asset objects reloaded before import = 0
Number of asset objects unloaded after import = 3
========================================================================
Received Import Request.
  Time since last request: 0.000013 seconds.
  path: Assets/3rdParty/ElvGames/Fantasy Dreamland/Tilesets/Village/Tiles/FD_Village_623.asset
  artifactKey: Guid(29c16264891c29240ad4f02045cd74f8) Importer(815301076,1909f56bfc062723c751e8b465ee728b)
Start importing Assets/3rdParty/ElvGames/Fantasy Dreamland/Tilesets/Village/Tiles/FD_Village_623.asset using Guid(29c16264891c29240ad4f02045cd74f8) Importer(815301076,1909f56bfc062723c751e8b465ee728b) [PhysX] Initialized MultithreadedTaskDispatcher with 32 workers.
 -> (artifact id: '40a788f9de2d75ea9825fe0f0cbf66ba') in 0.004733 seconds
Number of updated asset objects reloaded before import = 0
Number of asset objects unloaded after import = 3
========================================================================
Received Import Request.
  Time since last request: 0.000016 seconds.
  path: Assets/3rdParty/ElvGames/Fantasy Dreamland Reborn/Village/Tiles/FDR_Village_93.asset
  artifactKey: Guid(0e37fcac1b3aa8445af05341de42bb90) Importer(815301076,1909f56bfc062723c751e8b465ee728b)
Start importing Assets/3rdParty/ElvGames/Fantasy Dreamland Reborn/Village/Tiles/FDR_Village_93.asset using Guid(0e37fcac1b3aa8445af05341de42bb90) Importer(815301076,1909f56bfc062723c751e8b465ee728b) [PhysX] Initialized MultithreadedTaskDispatcher with 32 workers.
 -> (artifact id: 'da9626c4a9897e29e6662b67c587d6fd') in 0.005042 seconds
Number of updated asset objects reloaded before import = 0
Number of asset objects unloaded after import = 3
========================================================================
Received Import Request.
  Time since last request: 0.000034 seconds.
  path: Assets/3rdParty/ElvGames/Fantasy Dreamland/Tilesets/Village/Tiles/FD_Village_597.asset
  artifactKey: Guid(0f2f2f80cccf6244cb8529a6055d478c) Importer(815301076,1909f56bfc062723c751e8b465ee728b)
Start importing Assets/3rdParty/ElvGames/Fantasy Dreamland/Tilesets/Village/Tiles/FD_Village_597.asset using Guid(0f2f2f80cccf6244cb8529a6055d478c) Importer(815301076,1909f56bfc062723c751e8b465ee728b) [PhysX] Initialized MultithreadedTaskDispatcher with 32 workers.
 -> (artifact id: 'f7777a38880b07d6a7a41e2f8059b894') in 0.005598 seconds
Number of updated asset objects reloaded before import = 0
Number of asset objects unloaded after import = 3
========================================================================
Received Import Request.
  Time since last request: 0.000025 seconds.
  path: Assets/3rdParty/ElvGames/Fantasy Dreamland/Tilesets/Village/Tiles/FD_Village_616.asset
  artifactKey: Guid(af07dfa5ad8de2c4cbbba9c9886b3d70) Importer(815301076,1909f56bfc062723c751e8b465ee728b)
Start importing Assets/3rdParty/ElvGames/Fantasy Dreamland/Tilesets/Village/Tiles/FD_Village_616.asset using Guid(af07dfa5ad8de2c4cbbba9c9886b3d70) Importer(815301076,1909f56bfc062723c751e8b465ee728b) [PhysX] Initialized MultithreadedTaskDispatcher with 32 workers.
 -> (artifact id: 'd117d3239728ab8dadd6d988014bfda2') in 0.006623 seconds
Number of updated asset objects reloaded before import = 0
Number of asset objects unloaded after import = 3
========================================================================
Received Import Request.
  Time since last request: 0.000021 seconds.
  path: Assets/3rdParty/ElvGames/Fantasy Dreamland Reborn/Winter Village/Tiles/FDR_Winter_Village_504.asset
  artifactKey: Guid(d62e578502ce26c40b7ad3311711e72b) Importer(815301076,1909f56bfc062723c751e8b465ee728b)
Start importing Assets/3rdParty/ElvGames/Fantasy Dreamland Reborn/Winter Village/Tiles/FDR_Winter_Village_504.asset using Guid(d62e578502ce26c40b7ad3311711e72b) Importer(815301076,1909f56bfc062723c751e8b465ee728b) [PhysX] Initialized MultithreadedTaskDispatcher with 32 workers.
 -> (artifact id: '9aca24d2ec0d2a8e75f50d9eb5e21a28') in 0.006773 seconds
Number of updated asset objects reloaded before import = 0
Number of asset objects unloaded after import = 3
========================================================================
Received Import Request.
  Time since last request: 0.000013 seconds.
  path: Assets/3rdParty/ElvGames/Fantasy Dreamland Reborn/Village/Tiles/FDR_Village_274.asset
  artifactKey: Guid(af58c948fbef6a341917346342b4668f) Importer(815301076,1909f56bfc062723c751e8b465ee728b)
Start importing Assets/3rdParty/ElvGames/Fantasy Dreamland Reborn/Village/Tiles/FDR_Village_274.asset using Guid(af58c948fbef6a341917346342b4668f) Importer(815301076,1909f56bfc062723c751e8b465ee728b) [PhysX] Initialized MultithreadedTaskDispatcher with 32 workers.
 -> (artifact id: '3491915e28b3fd7b23991cd96d45c009') in 0.004374 seconds
Number of updated asset objects reloaded before import = 0
Number of asset objects unloaded after import = 3
========================================================================
Received Import Request.
  Time since last request: 0.000013 seconds.
  path: Assets/3rdParty/ElvGames/Fantasy Dreamland/Tilesets/Village/Tiles/FD_Village_626.asset
  artifactKey: Guid(52cde4568f7e855468563e9371042d1f) Importer(815301076,1909f56bfc062723c751e8b465ee728b)
Start importing Assets/3rdParty/ElvGames/Fantasy Dreamland/Tilesets/Village/Tiles/FD_Village_626.asset using Guid(52cde4568f7e855468563e9371042d1f) Importer(815301076,1909f56bfc062723c751e8b465ee728b) [PhysX] Initialized MultithreadedTaskDispatcher with 32 workers.
 -> (artifact id: '5aa066c33c7c587b138774e74588e066') in 0.006574 seconds
Number of updated asset objects reloaded before import = 0
Number of asset objects unloaded after import = 3
========================================================================
Received Import Request.
  Time since last request: 0.000015 seconds.
  path: Assets/3rdParty/ElvGames/Fantasy Dreamland/Tilesets/Winter Village/Tiles/FD_Winter_Village_214.asset
  artifactKey: Guid(77aa7502ba452794d945689c29934ffa) Importer(815301076,1909f56bfc062723c751e8b465ee728b)
Start importing Assets/3rdParty/ElvGames/Fantasy Dreamland/Tilesets/Winter Village/Tiles/FD_Winter_Village_214.asset using Guid(77aa7502ba452794d945689c29934ffa) Importer(815301076,1909f56bfc062723c751e8b465ee728b) [PhysX] Initialized MultithreadedTaskDispatcher with 32 workers.
 -> (artifact id: '0bdd02b277b7bf72b78c94c9b8e6bca1') in 0.004214 seconds
Number of updated asset objects reloaded before import = 0
Number of asset objects unloaded after import = 3
========================================================================
Received Import Request.
  Time since last request: 0.000013 seconds.
  path: Assets/3rdParty/ElvGames/Fantasy Dreamland/Tilesets/Village/Tiles/FD_Village_977.asset
  artifactKey: Guid(fdd8f7027973af844b2643b447741195) Importer(815301076,1909f56bfc062723c751e8b465ee728b)
Start importing Assets/3rdParty/ElvGames/Fantasy Dreamland/Tilesets/Village/Tiles/FD_Village_977.asset using Guid(fdd8f7027973af844b2643b447741195) Importer(815301076,1909f56bfc062723c751e8b465ee728b) [PhysX] Initialized MultithreadedTaskDispatcher with 32 workers.
 -> (artifact id: '5aeb93908f370ef16c26118a7bfc3f1c') in 0.005122 seconds
Number of updated asset objects reloaded before import = 0
Number of asset objects unloaded after import = 3
========================================================================
Received Import Request.
  Time since last request: 0.000013 seconds.
  path: Assets/3rdParty/ElvGames/Fantasy Dreamland/Tilesets/Winter Village/Tiles/FD_Winter_Village_785.asset
  artifactKey: Guid(511ba07582687bc43b53fcc15bb1bb96) Importer(815301076,1909f56bfc062723c751e8b465ee728b)
Start importing Assets/3rdParty/ElvGames/Fantasy Dreamland/Tilesets/Winter Village/Tiles/FD_Winter_Village_785.asset using Guid(511ba07582687bc43b53fcc15bb1bb96) Importer(815301076,1909f56bfc062723c751e8b465ee728b) [PhysX] Initialized MultithreadedTaskDispatcher with 32 workers.
 -> (artifact id: '22db2bc9594e7ae49d1f5c10400bf00c') in 0.004162 seconds
Number of updated asset objects reloaded before import = 0
Number of asset objects unloaded after import = 3
========================================================================
Received Import Request.
  Time since last request: 0.000015 seconds.
  path: Assets/3rdParty/ElvGames/Fantasy Dreamland/Tilesets/Caves/Animations/Caves_Ani 4.asset
  artifactKey: Guid(fc1e7265efeecf648a5657914db49b89) Importer(815301076,1909f56bfc062723c751e8b465ee728b)
Start importing Assets/3rdParty/ElvGames/Fantasy Dreamland/Tilesets/Caves/Animations/Caves_Ani 4.asset using Guid(fc1e7265efeecf648a5657914db49b89) Importer(815301076,1909f56bfc062723c751e8b465ee728b) [PhysX] Initialized MultithreadedTaskDispatcher with 32 workers.
 -> (artifact id: '7c444f0f1161697f2741b0d604b4a3ab') in 0.001014 seconds
Number of updated asset objects reloaded before import = 0
Number of asset objects unloaded after import = 5
========================================================================
Received Import Request.
  Time since last request: 0.000011 seconds.
  path: Assets/3rdParty/ElvGames/Fantasy Dreamland/Tilesets/Village/Tiles/FD_Village_624.asset
  artifactKey: Guid(0a283ce3c82885648821a62deb467b7b) Importer(815301076,1909f56bfc062723c751e8b465ee728b)
Start importing Assets/3rdParty/ElvGames/Fantasy Dreamland/Tilesets/Village/Tiles/FD_Village_624.asset using Guid(0a283ce3c82885648821a62deb467b7b) Importer(815301076,1909f56bfc062723c751e8b465ee728b) [PhysX] Initialized MultithreadedTaskDispatcher with 32 workers.
 -> (artifact id: '896b1dc24f9862b095e8124e33434806') in 0.005121 seconds
Number of updated asset objects reloaded before import = 0
Number of asset objects unloaded after import = 3
========================================================================
Received Import Request.
  Time since last request: 0.000022 seconds.
  path: Assets/3rdParty/ElvGames/Fantasy Dreamland/Tilesets/Village/Tiles/FD_Village_66.asset
  artifactKey: Guid(b6c75b647bffb4f40ba5fc12d22be32b) Importer(815301076,1909f56bfc062723c751e8b465ee728b)
Start importing Assets/3rdParty/ElvGames/Fantasy Dreamland/Tilesets/Village/Tiles/FD_Village_66.asset using Guid(b6c75b647bffb4f40ba5fc12d22be32b) Importer(815301076,1909f56bfc062723c751e8b465ee728b) [PhysX] Initialized MultithreadedTaskDispatcher with 32 workers.
 -> (artifact id: '44d70a874b4a19a99fe6b130ea3bc9ee') in 0.005040 seconds
Number of updated asset objects reloaded before import = 0
Number of asset objects unloaded after import = 3
========================================================================
Received Import Request.
  Time since last request: 0.000012 seconds.
  path: Assets/3rdParty/ElvGames/Fantasy Dreamland/Tilesets/Village/Tiles/FD_Village_849.asset
  artifactKey: Guid(e880e1027cd528446857d3d5463d6aed) Importer(815301076,1909f56bfc062723c751e8b465ee728b)
Start importing Assets/3rdParty/ElvGames/Fantasy Dreamland/Tilesets/Village/Tiles/FD_Village_849.asset using Guid(e880e1027cd528446857d3d5463d6aed) Importer(815301076,1909f56bfc062723c751e8b465ee728b) [PhysX] Initialized MultithreadedTaskDispatcher with 32 workers.
 -> (artifact id: '5a93a40ba51832e78085c4c870ea5d98') in 0.005538 seconds
Number of updated asset objects reloaded before import = 0
Number of asset objects unloaded after import = 3
========================================================================
Received Import Request.
  Time since last request: 0.000013 seconds.
  path: Assets/3rdParty/ElvGames/Fantasy Dreamland/Tilesets/Village/Tiles/FD_Village_981.asset
  artifactKey: Guid(dca047f6c04628146b3a981eefde0f69) Importer(815301076,1909f56bfc062723c751e8b465ee728b)
Start importing Assets/3rdParty/ElvGames/Fantasy Dreamland/Tilesets/Village/Tiles/FD_Village_981.asset using Guid(dca047f6c04628146b3a981eefde0f69) Importer(815301076,1909f56bfc062723c751e8b465ee728b) [PhysX] Initialized MultithreadedTaskDispatcher with 32 workers.
 -> (artifact id: '909150967a0b59043c83df326d449e65') in 0.004345 seconds
Number of updated asset objects reloaded before import = 0
Number of asset objects unloaded after import = 3
========================================================================
Received Import Request.
  Time since last request: 0.000013 seconds.
  path: Assets/3rdParty/ElvGames/Fantasy Dreamland/Tilesets/Winter Village/Tiles/FD_Winter_Village_786.asset
  artifactKey: Guid(62099b9d59d721c4baca7d4a7df9ffd4) Importer(815301076,1909f56bfc062723c751e8b465ee728b)
Start importing Assets/3rdParty/ElvGames/Fantasy Dreamland/Tilesets/Winter Village/Tiles/FD_Winter_Village_786.asset using Guid(62099b9d59d721c4baca7d4a7df9ffd4) Importer(815301076,1909f56bfc062723c751e8b465ee728b) [PhysX] Initialized MultithreadedTaskDispatcher with 32 workers.
 -> (artifact id: 'd1ba0c7c26f35b793c8797bbf1d662a5') in 0.004522 seconds
Number of updated asset objects reloaded before import = 0
Number of asset objects unloaded after import = 3
========================================================================
Received Import Request.
  Time since last request: 0.000031 seconds.
  path: Assets/3rdParty/ElvGames/Fantasy Dreamland Reborn/Winter Village/Tiles/FDR_Winter_Village_31.asset
  artifactKey: Guid(0c2f241392ba52740b4db7ae6045e544) Importer(815301076,1909f56bfc062723c751e8b465ee728b)
Start importing Assets/3rdParty/ElvGames/Fantasy Dreamland Reborn/Winter Village/Tiles/FDR_Winter_Village_31.asset using Guid(0c2f241392ba52740b4db7ae6045e544) Importer(815301076,1909f56bfc062723c751e8b465ee728b) [PhysX] Initialized MultithreadedTaskDispatcher with 32 workers.
 -> (artifact id: 'b17573b7620a68158f22923f6c1a8854') in 0.005414 seconds
Number of updated asset objects reloaded before import = 0
Number of asset objects unloaded after import = 3
========================================================================
Received Import Request.
  Time since last request: 0.000013 seconds.
  path: Assets/3rdParty/ElvGames/Fantasy Dreamland Reborn/Winter Village/Tiles/FDR_Winter_Village_517.asset
  artifactKey: Guid(0fcdf4f76ab11204b83ed43600016185) Importer(815301076,1909f56bfc062723c751e8b465ee728b)
Start importing Assets/3rdParty/ElvGames/Fantasy Dreamland Reborn/Winter Village/Tiles/FDR_Winter_Village_517.asset using Guid(0fcdf4f76ab11204b83ed43600016185) Importer(815301076,1909f56bfc062723c751e8b465ee728b) [PhysX] Initialized MultithreadedTaskDispatcher with 32 workers.
 -> (artifact id: 'e09a88eda9954836a2ac504d9fc188fc') in 0.004632 seconds
Number of updated asset objects reloaded before import = 0
Number of asset objects unloaded after import = 3
========================================================================
Received Import Request.
  Time since last request: 0.000014 seconds.
  path: Assets/3rdParty/ElvGames/Fantasy Dreamland Reborn/Winter Village/Tiles/FDR_Winter_Village_519.asset
  artifactKey: Guid(b15927572fca2a949baf7be9d8a6f055) Importer(815301076,1909f56bfc062723c751e8b465ee728b)
Start importing Assets/3rdParty/ElvGames/Fantasy Dreamland Reborn/Winter Village/Tiles/FDR_Winter_Village_519.asset using Guid(b15927572fca2a949baf7be9d8a6f055) Importer(815301076,1909f56bfc062723c751e8b465ee728b) [PhysX] Initialized MultithreadedTaskDispatcher with 32 workers.
 -> (artifact id: 'bb45d4fb7e6fc5ddd159dbcbb6b92870') in 0.006242 seconds
Number of updated asset objects reloaded before import = 0
Number of asset objects unloaded after import = 3
========================================================================
Received Import Request.
  Time since last request: 0.000022 seconds.
  path: Assets/3rdParty/ElvGames/Fantasy Dreamland/Tilesets/Village/Tiles/FD_Village_20.asset
  artifactKey: Guid(78487a3054126b04fbfb0ace09d8cc25) Importer(815301076,1909f56bfc062723c751e8b465ee728b)
Start importing Assets/3rdParty/ElvGames/Fantasy Dreamland/Tilesets/Village/Tiles/FD_Village_20.asset using Guid(78487a3054126b04fbfb0ace09d8cc25) Importer(815301076,1909f56bfc062723c751e8b465ee728b) [PhysX] Initialized MultithreadedTaskDispatcher with 32 workers.
 -> (artifact id: '190049b236099a217276938e8a1e4ab2') in 0.006426 seconds
Number of updated asset objects reloaded before import = 0
Number of asset objects unloaded after import = 3
========================================================================
Received Import Request.
  Time since last request: 0.000014 seconds.
  path: Assets/3rdParty/ElvGames/Fantasy Dreamland/Tilesets/Village/Tiles/FD_Village_938.asset
  artifactKey: Guid(8b2a55fb59a42de438085ab6add8fb4c) Importer(815301076,1909f56bfc062723c751e8b465ee728b)
Start importing Assets/3rdParty/ElvGames/Fantasy Dreamland/Tilesets/Village/Tiles/FD_Village_938.asset using Guid(8b2a55fb59a42de438085ab6add8fb4c) Importer(815301076,1909f56bfc062723c751e8b465ee728b) [PhysX] Initialized MultithreadedTaskDispatcher with 32 workers.
 -> (artifact id: '79a4d1776491b55b3f6b1a42c0d99046') in 0.004898 seconds
Number of updated asset objects reloaded before import = 0
Number of asset objects unloaded after import = 3
========================================================================
Received Import Request.
  Time since last request: 0.000023 seconds.
  path: Assets/3rdParty/ElvGames/Fantasy Dreamland/Tilesets/Village/Tiles/FD_Village_978.asset
  artifactKey: Guid(ebe7c65a381766844962565ea3c71258) Importer(815301076,1909f56bfc062723c751e8b465ee728b)
Start importing Assets/3rdParty/ElvGames/Fantasy Dreamland/Tilesets/Village/Tiles/FD_Village_978.asset using Guid(ebe7c65a381766844962565ea3c71258) Importer(815301076,1909f56bfc062723c751e8b465ee728b) [PhysX] Initialized MultithreadedTaskDispatcher with 32 workers.
 -> (artifact id: '95eb4f58c86a1ad1adab1365be8b31f9') in 0.005083 seconds
Number of updated asset objects reloaded before import = 0
Number of asset objects unloaded after import = 3
========================================================================
Received Import Request.
  Time since last request: 0.000014 seconds.
  path: Assets/3rdParty/ElvGames/Fantasy Dreamland Reborn/Village/Tiles/FDR_Village_270.asset
  artifactKey: Guid(d9ccdc434ebc24349b5d230a1cb6507a) Importer(815301076,1909f56bfc062723c751e8b465ee728b)
Start importing Assets/3rdParty/ElvGames/Fantasy Dreamland Reborn/Village/Tiles/FDR_Village_270.asset using Guid(d9ccdc434ebc24349b5d230a1cb6507a) Importer(815301076,1909f56bfc062723c751e8b465ee728b) [PhysX] Initialized MultithreadedTaskDispatcher with 32 workers.
 -> (artifact id: 'cb0d11431f6a458c1be487ad73ea3b29') in 0.003718 seconds
Number of updated asset objects reloaded before import = 0
Number of asset objects unloaded after import = 3
========================================================================
Received Import Request.
  Time since last request: 0.000015 seconds.
  path: Assets/3rdParty/ElvGames/Fantasy Dreamland/Tilesets/Winter Village/Tiles/FD_Winter_Village_864.asset
  artifactKey: Guid(0dc8c1e7aabffb6469b984e226dbb0ee) Importer(815301076,1909f56bfc062723c751e8b465ee728b)
Start importing Assets/3rdParty/ElvGames/Fantasy Dreamland/Tilesets/Winter Village/Tiles/FD_Winter_Village_864.asset using Guid(0dc8c1e7aabffb6469b984e226dbb0ee) Importer(815301076,1909f56bfc062723c751e8b465ee728b) [PhysX] Initialized MultithreadedTaskDispatcher with 32 workers.
 -> (artifact id: 'be42368673cf846d8885e3c3bd1f7049') in 0.007957 seconds
Number of updated asset objects reloaded before import = 0
Number of asset objects unloaded after import = 3
========================================================================
Received Import Request.
  Time since last request: 0.000013 seconds.
  path: Assets/3rdParty/ElvGames/Fantasy Dreamland/Tilesets/Village/Tiles/FD_Village_987.asset
  artifactKey: Guid(5d0b048ff498fe74e87f381c809cbc4c) Importer(815301076,1909f56bfc062723c751e8b465ee728b)
Start importing Assets/3rdParty/ElvGames/Fantasy Dreamland/Tilesets/Village/Tiles/FD_Village_987.asset using Guid(5d0b048ff498fe74e87f381c809cbc4c) Importer(815301076,1909f56bfc062723c751e8b465ee728b) [PhysX] Initialized MultithreadedTaskDispatcher with 32 workers.
 -> (artifact id: 'a1896429d093e6d26f7ef8a44affe7a5') in 0.006144 seconds
Number of updated asset objects reloaded before import = 0
Number of asset objects unloaded after import = 3
========================================================================
Received Import Request.
  Time since last request: 0.000016 seconds.
  path: Assets/3rdParty/ElvGames/Fantasy Dreamland Reborn/Village/Tiles/FDR_Village_106.asset
  artifactKey: Guid(7e56a51c80acaba4a844c1b8c5537775) Importer(815301076,1909f56bfc062723c751e8b465ee728b)
Start importing Assets/3rdParty/ElvGames/Fantasy Dreamland Reborn/Village/Tiles/FDR_Village_106.asset using Guid(7e56a51c80acaba4a844c1b8c5537775) Importer(815301076,1909f56bfc062723c751e8b465ee728b) [PhysX] Initialized MultithreadedTaskDispatcher with 32 workers.
 -> (artifact id: '2a20f21809fbb41ef43bae734ce56349') in 0.005056 seconds
Number of updated asset objects reloaded before import = 0
Number of asset objects unloaded after import = 3
========================================================================
Received Import Request.
  Time since last request: 0.000013 seconds.
  path: Assets/3rdParty/ElvGames/Fantasy Dreamland Reborn/Village/Tiles/FDR_Village_647.asset
  artifactKey: Guid(67667d332d615b04ab9a26c096c46ab0) Importer(815301076,1909f56bfc062723c751e8b465ee728b)
Start importing Assets/3rdParty/ElvGames/Fantasy Dreamland Reborn/Village/Tiles/FDR_Village_647.asset using Guid(67667d332d615b04ab9a26c096c46ab0) Importer(815301076,1909f56bfc062723c751e8b465ee728b) [PhysX] Initialized MultithreadedTaskDispatcher with 32 workers.
 -> (artifact id: '5ece8c27aea8efa2da5d3eb3af4fd7d6') in 0.005202 seconds
Number of updated asset objects reloaded before import = 0
Number of asset objects unloaded after import = 3
========================================================================
Received Import Request.
  Time since last request: 0.000017 seconds.
  path: Assets/3rdParty/ElvGames/Fantasy Dreamland/Tilesets/Village/Tiles/FD_Village_990.asset
  artifactKey: Guid(41b22266a1e3e0d42a680c5f82264b41) Importer(815301076,1909f56bfc062723c751e8b465ee728b)
Start importing Assets/3rdParty/ElvGames/Fantasy Dreamland/Tilesets/Village/Tiles/FD_Village_990.asset using Guid(41b22266a1e3e0d42a680c5f82264b41) Importer(815301076,1909f56bfc062723c751e8b465ee728b) [PhysX] Initialized MultithreadedTaskDispatcher with 32 workers.
 -> (artifact id: 'b85309bdfec22cfb02e33aa2925bf0b5') in 0.004901 seconds
Number of updated asset objects reloaded before import = 0
Number of asset objects unloaded after import = 3
========================================================================
Received Import Request.
  Time since last request: 0.000013 seconds.
  path: Assets/3rdParty/ElvGames/Fantasy Dreamland Reborn/Winter Village/Tiles/FDR_Winter_Village_768.asset
  artifactKey: Guid(7105e3910e7724a4ea36eacb9b37ab0a) Importer(815301076,1909f56bfc062723c751e8b465ee728b)
Start importing Assets/3rdParty/ElvGames/Fantasy Dreamland Reborn/Winter Village/Tiles/FDR_Winter_Village_768.asset using Guid(7105e3910e7724a4ea36eacb9b37ab0a) Importer(815301076,1909f56bfc062723c751e8b465ee728b) [PhysX] Initialized MultithreadedTaskDispatcher with 32 workers.
 -> (artifact id: 'fb83d6fef1321ffd07de8bfc0230fec2') in 0.005078 seconds
Number of updated asset objects reloaded before import = 0
Number of asset objects unloaded after import = 3
========================================================================
Received Import Request.
  Time since last request: 0.000011 seconds.
  path: Assets/3rdParty/ElvGames/Fantasy Dreamland Reborn/Winter Village/Tiles/FDR_Winter_Village_233.asset
  artifactKey: Guid(32562fb282f73124592f74e2f0e1270a) Importer(815301076,1909f56bfc062723c751e8b465ee728b)
Start importing Assets/3rdParty/ElvGames/Fantasy Dreamland Reborn/Winter Village/Tiles/FDR_Winter_Village_233.asset using Guid(32562fb282f73124592f74e2f0e1270a) Importer(815301076,1909f56bfc062723c751e8b465ee728b) [PhysX] Initialized MultithreadedTaskDispatcher with 32 workers.
 -> (artifact id: 'a01b0cc33ef3a4acd237830d087ec09e') in 0.004639 seconds
Number of updated asset objects reloaded before import = 0
Number of asset objects unloaded after import = 3
========================================================================
Received Import Request.
  Time since last request: 0.000028 seconds.
  path: Assets/3rdParty/ElvGames/Fantasy Dreamland/Tilesets/Village/Tiles/FD_Village_928.asset
  artifactKey: Guid(91251f1b3b5778e4da0833f532b27bc0) Importer(815301076,1909f56bfc062723c751e8b465ee728b)
Start importing Assets/3rdParty/ElvGames/Fantasy Dreamland/Tilesets/Village/Tiles/FD_Village_928.asset using Guid(91251f1b3b5778e4da0833f532b27bc0) Importer(815301076,1909f56bfc062723c751e8b465ee728b) [PhysX] Initialized MultithreadedTaskDispatcher with 32 workers.
 -> (artifact id: 'a9718129d9e50dbea7b896ffa570ba30') in 0.006245 seconds
Number of updated asset objects reloaded before import = 0
Number of asset objects unloaded after import = 3
========================================================================
Received Import Request.
  Time since last request: 0.000019 seconds.
  path: Assets/3rdParty/ElvGames/Fantasy Dreamland/Tilesets/Village/Tiles/FD_Village_989.asset
  artifactKey: Guid(7f5081d27cfaa0742a6d80839161075e) Importer(815301076,1909f56bfc062723c751e8b465ee728b)
Start importing Assets/3rdParty/ElvGames/Fantasy Dreamland/Tilesets/Village/Tiles/FD_Village_989.asset using Guid(7f5081d27cfaa0742a6d80839161075e) Importer(815301076,1909f56bfc062723c751e8b465ee728b) [PhysX] Initialized MultithreadedTaskDispatcher with 32 workers.
 -> (artifact id: '160e0661f9081e66503078e1a633a514') in 0.005190 seconds
Number of updated asset objects reloaded before import = 0
Number of asset objects unloaded after import = 3
========================================================================
Received Import Request.
  Time since last request: 0.000019 seconds.
  path: Assets/3rdParty/ElvGames/Fantasy Dreamland Reborn/Winter Village/Tiles/FDR_Winter_Village_788.asset
  artifactKey: Guid(15264e4e5c213f940ad816f16d649132) Importer(815301076,1909f56bfc062723c751e8b465ee728b)
Start importing Assets/3rdParty/ElvGames/Fantasy Dreamland Reborn/Winter Village/Tiles/FDR_Winter_Village_788.asset using Guid(15264e4e5c213f940ad816f16d649132) Importer(815301076,1909f56bfc062723c751e8b465ee728b) [PhysX] Initialized MultithreadedTaskDispatcher with 32 workers.
 -> (artifact id: 'abc27cefb5b9fbfad496907fbbb54c61') in 0.004639 seconds
Number of updated asset objects reloaded before import = 0
Number of asset objects unloaded after import = 3
========================================================================
Received Import Request.
  Time since last request: 0.000027 seconds.
  path: Assets/3rdParty/ElvGames/Fantasy Dreamland/Tilesets/Winter Village/Tiles/FD_Winter_Village_797.asset
  artifactKey: Guid(49cc8dae1e26a9147a48421fc8a08315) Importer(815301076,1909f56bfc062723c751e8b465ee728b)
Start importing Assets/3rdParty/ElvGames/Fantasy Dreamland/Tilesets/Winter Village/Tiles/FD_Winter_Village_797.asset using Guid(49cc8dae1e26a9147a48421fc8a08315) Importer(815301076,1909f56bfc062723c751e8b465ee728b) [PhysX] Initialized MultithreadedTaskDispatcher with 32 workers.
 -> (artifact id: '035e803a792383f0e1945f249d91b345') in 0.005544 seconds
Number of updated asset objects reloaded before import = 0
Number of asset objects unloaded after import = 3
========================================================================
Received Import Request.
  Time since last request: 0.000022 seconds.
  path: Assets/3rdParty/ElvGames/Fantasy Dreamland/Tilesets/Village/Tiles/FD_Village_513.asset
  artifactKey: Guid(37d6a687de369ac4f8903fbb9b80fa2e) Importer(815301076,1909f56bfc062723c751e8b465ee728b)
Start importing Assets/3rdParty/ElvGames/Fantasy Dreamland/Tilesets/Village/Tiles/FD_Village_513.asset using Guid(37d6a687de369ac4f8903fbb9b80fa2e) Importer(815301076,1909f56bfc062723c751e8b465ee728b) [PhysX] Initialized MultithreadedTaskDispatcher with 32 workers.
 -> (artifact id: 'f6bb461f285e8bda21989e7dfd9c3127') in 0.004444 seconds
Number of updated asset objects reloaded before import = 0
Number of asset objects unloaded after import = 3
========================================================================
Received Import Request.
  Time since last request: 0.000017 seconds.
  path: Assets/3rdParty/ElvGames/Fantasy Dreamland Reborn/Winter Village/Tiles/FDR_Winter_Village_36.asset
  artifactKey: Guid(9f8ec06280d928d46ac88b124023f693) Importer(815301076,1909f56bfc062723c751e8b465ee728b)
Start importing Assets/3rdParty/ElvGames/Fantasy Dreamland Reborn/Winter Village/Tiles/FDR_Winter_Village_36.asset using Guid(9f8ec06280d928d46ac88b124023f693) Importer(815301076,1909f56bfc062723c751e8b465ee728b) [PhysX] Initialized MultithreadedTaskDispatcher with 32 workers.
 -> (artifact id: '1cf65271d3f1d05241009c7020da0bc3') in 0.007017 seconds
Number of updated asset objects reloaded before import = 0
Number of asset objects unloaded after import = 3
========================================================================
Received Import Request.
  Time since last request: 0.000015 seconds.
  path: Assets/3rdParty/ElvGames/Fantasy Dreamland/Tilesets/Village/Tiles/FD_Village_943.asset
  artifactKey: Guid(20a17dfb4c42fcb4bb5155038b6ac1c4) Importer(815301076,1909f56bfc062723c751e8b465ee728b)
Start importing Assets/3rdParty/ElvGames/Fantasy Dreamland/Tilesets/Village/Tiles/FD_Village_943.asset using Guid(20a17dfb4c42fcb4bb5155038b6ac1c4) Importer(815301076,1909f56bfc062723c751e8b465ee728b) [PhysX] Initialized MultithreadedTaskDispatcher with 32 workers.
 -> (artifact id: 'b3df676facf21856b4946d65486ac71c') in 0.005327 seconds
Number of updated asset objects reloaded before import = 0
Number of asset objects unloaded after import = 3
========================================================================
Received Import Request.
  Time since last request: 0.000014 seconds.
  path: Assets/3rdParty/ElvGames/Fantasy Dreamland Reborn/Winter Village/Tiles/FDR_Winter_Village_516.asset
  artifactKey: Guid(e93a97b88834bfd419c03260e45bb13c) Importer(815301076,1909f56bfc062723c751e8b465ee728b)
Start importing Assets/3rdParty/ElvGames/Fantasy Dreamland Reborn/Winter Village/Tiles/FDR_Winter_Village_516.asset using Guid(e93a97b88834bfd419c03260e45bb13c) Importer(815301076,1909f56bfc062723c751e8b465ee728b) [PhysX] Initialized MultithreadedTaskDispatcher with 32 workers.
 -> (artifact id: '627efe4a00db75187c118d528effeb2d') in 0.004752 seconds
Number of updated asset objects reloaded before import = 0
Number of asset objects unloaded after import = 3
========================================================================
Received Import Request.
  Time since last request: 0.000028 seconds.
  path: Assets/3rdParty/ElvGames/Fantasy Dreamland/Tilesets/Village/Tiles/FD_Village_619.asset
  artifactKey: Guid(61751653c4594a7479e819ab8af1c4f7) Importer(815301076,1909f56bfc062723c751e8b465ee728b)
Start importing Assets/3rdParty/ElvGames/Fantasy Dreamland/Tilesets/Village/Tiles/FD_Village_619.asset using Guid(61751653c4594a7479e819ab8af1c4f7) Importer(815301076,1909f56bfc062723c751e8b465ee728b) [PhysX] Initialized MultithreadedTaskDispatcher with 32 workers.
 -> (artifact id: '49cc51648173536e5cee3cd245890d06') in 0.005290 seconds
Number of updated asset objects reloaded before import = 0
Number of asset objects unloaded after import = 3
========================================================================
Received Import Request.
  Time since last request: 0.000024 seconds.
  path: Assets/3rdParty/ElvGames/Fantasy Dreamland/Tilesets/Village/Tiles/FD_Village_837.asset
  artifactKey: Guid(f83a5620fbcdcbd4f81d51eccfe02d61) Importer(815301076,1909f56bfc062723c751e8b465ee728b)
Start importing Assets/3rdParty/ElvGames/Fantasy Dreamland/Tilesets/Village/Tiles/FD_Village_837.asset using Guid(f83a5620fbcdcbd4f81d51eccfe02d61) Importer(815301076,1909f56bfc062723c751e8b465ee728b) [PhysX] Initialized MultithreadedTaskDispatcher with 32 workers.
 -> (artifact id: '9d14b1bc45f0e012e5bd91fe262c6c04') in 0.004951 seconds
Number of updated asset objects reloaded before import = 0
Number of asset objects unloaded after import = 3
========================================================================
Received Import Request.
  Time since last request: 0.000015 seconds.
  path: Assets/3rdParty/ElvGames/Fantasy Dreamland/Tilesets/Village/Tiles/FD_Village_75.asset
  artifactKey: Guid(32d86edd24a5fe54fb9dc68dc608f566) Importer(815301076,1909f56bfc062723c751e8b465ee728b)
Start importing Assets/3rdParty/ElvGames/Fantasy Dreamland/Tilesets/Village/Tiles/FD_Village_75.asset using Guid(32d86edd24a5fe54fb9dc68dc608f566) Importer(815301076,1909f56bfc062723c751e8b465ee728b) [PhysX] Initialized MultithreadedTaskDispatcher with 32 workers.
 -> (artifact id: '978aaa6f14f8d56ef26481336f0440bb') in 0.004317 seconds
Number of updated asset objects reloaded before import = 0
Number of asset objects unloaded after import = 3
========================================================================
Received Import Request.
  Time since last request: 0.000013 seconds.
  path: Assets/3rdParty/ElvGames/Fantasy Dreamland/Tilesets/Village/Tiles/FD_Village_511.asset
  artifactKey: Guid(606dc572c39bc804386602ef4a757445) Importer(815301076,1909f56bfc062723c751e8b465ee728b)
Start importing Assets/3rdParty/ElvGames/Fantasy Dreamland/Tilesets/Village/Tiles/FD_Village_511.asset using Guid(606dc572c39bc804386602ef4a757445) Importer(815301076,1909f56bfc062723c751e8b465ee728b) [PhysX] Initialized MultithreadedTaskDispatcher with 32 workers.
 -> (artifact id: 'b8ebfe3b6869c77fda02c222787a0573') in 0.004522 seconds
Number of updated asset objects reloaded before import = 0
Number of asset objects unloaded after import = 3
========================================================================
Received Import Request.
  Time since last request: 0.000017 seconds.
  path: Assets/3rdParty/ElvGames/Fantasy Dreamland Reborn/Winter Village/Tiles/FDR_Winter_Village_48.asset
  artifactKey: Guid(36a4bf852d104c64fad00565a1d3032d) Importer(815301076,1909f56bfc062723c751e8b465ee728b)
Start importing Assets/3rdParty/ElvGames/Fantasy Dreamland Reborn/Winter Village/Tiles/FDR_Winter_Village_48.asset using Guid(36a4bf852d104c64fad00565a1d3032d) Importer(815301076,1909f56bfc062723c751e8b465ee728b) [PhysX] Initialized MultithreadedTaskDispatcher with 32 workers.
 -> (artifact id: '30b5424be356e85727b7356981d69d9a') in 0.005035 seconds
Number of updated asset objects reloaded before import = 0
Number of asset objects unloaded after import = 3
========================================================================
Received Import Request.
  Time since last request: 0.000013 seconds.
  path: Assets/3rdParty/ElvGames/Fantasy Dreamland/Tilesets/Winter Village/Tiles/FD_Winter_Village_209.asset
  artifactKey: Guid(309a32e691b6ba748914d20bca77da2e) Importer(815301076,1909f56bfc062723c751e8b465ee728b)
Start importing Assets/3rdParty/ElvGames/Fantasy Dreamland/Tilesets/Winter Village/Tiles/FD_Winter_Village_209.asset using Guid(309a32e691b6ba748914d20bca77da2e) Importer(815301076,1909f56bfc062723c751e8b465ee728b) [PhysX] Initialized MultithreadedTaskDispatcher with 32 workers.
 -> (artifact id: 'd67b0a07c7137799e597c3c23c8a278a') in 0.004459 seconds
Number of updated asset objects reloaded before import = 0
Number of asset objects unloaded after import = 3
========================================================================
Received Import Request.
  Time since last request: 0.000013 seconds.
  path: Assets/3rdParty/ElvGames/Fantasy Dreamland/Tilesets/Village/Tiles/FD_Village_971.asset
  artifactKey: Guid(72985585701d0e94987c83c30109735b) Importer(815301076,1909f56bfc062723c751e8b465ee728b)
Start importing Assets/3rdParty/ElvGames/Fantasy Dreamland/Tilesets/Village/Tiles/FD_Village_971.asset using Guid(72985585701d0e94987c83c30109735b) Importer(815301076,1909f56bfc062723c751e8b465ee728b) [PhysX] Initialized MultithreadedTaskDispatcher with 32 workers.
 -> (artifact id: 'c01d8ff1332bb5082fd0dd945abd923c') in 0.004226 seconds
Number of updated asset objects reloaded before import = 0
Number of asset objects unloaded after import = 3
========================================================================
Received Import Request.
  Time since last request: 0.000021 seconds.
  path: Assets/3rdParty/ElvGames/Fantasy Dreamland Reborn/Winter Village/Tiles/FDR_Winter_Village_234.asset
  artifactKey: Guid(ae30a9b79e0e097499b7d3537c6b4362) Importer(815301076,1909f56bfc062723c751e8b465ee728b)
Start importing Assets/3rdParty/ElvGames/Fantasy Dreamland Reborn/Winter Village/Tiles/FDR_Winter_Village_234.asset using Guid(ae30a9b79e0e097499b7d3537c6b4362) Importer(815301076,1909f56bfc062723c751e8b465ee728b) [PhysX] Initialized MultithreadedTaskDispatcher with 32 workers.
 -> (artifact id: 'd47b8ddd76667186628f7d8177883d9a') in 0.004314 seconds
Number of updated asset objects reloaded before import = 0
Number of asset objects unloaded after import = 3
========================================================================
Received Import Request.
  Time since last request: 0.000013 seconds.
  path: Assets/3rdParty/ElvGames/Fantasy Dreamland Reborn/Village/Tiles/FDR_Village_272.asset
  artifactKey: Guid(077111821665e6c49a78f7992917c198) Importer(815301076,1909f56bfc062723c751e8b465ee728b)
Start importing Assets/3rdParty/ElvGames/Fantasy Dreamland Reborn/Village/Tiles/FDR_Village_272.asset using Guid(077111821665e6c49a78f7992917c198) Importer(815301076,1909f56bfc062723c751e8b465ee728b) [PhysX] Initialized MultithreadedTaskDispatcher with 32 workers.
 -> (artifact id: '53627932411c49013e501b627288af8c') in 0.005793 seconds
Number of updated asset objects reloaded before import = 0
Number of asset objects unloaded after import = 3
========================================================================
Received Import Request.
  Time since last request: 0.000031 seconds.
  path: Assets/3rdParty/ElvGames/Fantasy Dreamland/Tilesets/Village/Tiles/FD_Village_507.asset
  artifactKey: Guid(9fd1ed6060982b941878e5983786784b) Importer(815301076,1909f56bfc062723c751e8b465ee728b)
Start importing Assets/3rdParty/ElvGames/Fantasy Dreamland/Tilesets/Village/Tiles/FD_Village_507.asset using Guid(9fd1ed6060982b941878e5983786784b) Importer(815301076,1909f56bfc062723c751e8b465ee728b) [PhysX] Initialized MultithreadedTaskDispatcher with 32 workers.
 -> (artifact id: 'c64237bdd897376ec0134ad411f7645d') in 0.007568 seconds
Number of updated asset objects reloaded before import = 0
Number of asset objects unloaded after import = 3
========================================================================
Received Import Request.
  Time since last request: 0.000017 seconds.
  path: Assets/3rdParty/ElvGames/Fantasy Dreamland Reborn/Winter Village/Tiles/FDR_Winter_Village_829.asset
  artifactKey: Guid(3910be2990dedf2498938fcdde44f3c8) Importer(815301076,1909f56bfc062723c751e8b465ee728b)
Start importing Assets/3rdParty/ElvGames/Fantasy Dreamland Reborn/Winter Village/Tiles/FDR_Winter_Village_829.asset using Guid(3910be2990dedf2498938fcdde44f3c8) Importer(815301076,1909f56bfc062723c751e8b465ee728b) [PhysX] Initialized MultithreadedTaskDispatcher with 32 workers.
 -> (artifact id: 'f6b73db3c8e198f148f1baa1feed4097') in 0.005836 seconds
Number of updated asset objects reloaded before import = 0
Number of asset objects unloaded after import = 3
========================================================================
Received Import Request.
  Time since last request: 0.000049 seconds.
  path: Assets/3rdParty/ElvGames/Fantasy Dreamland Reborn/Village/Tiles/FDR_Village_87.asset
  artifactKey: Guid(b30027c27ea6b7944992ffbaa77e7d09) Importer(815301076,1909f56bfc062723c751e8b465ee728b)
Start importing Assets/3rdParty/ElvGames/Fantasy Dreamland Reborn/Village/Tiles/FDR_Village_87.asset using Guid(b30027c27ea6b7944992ffbaa77e7d09) Importer(815301076,1909f56bfc062723c751e8b465ee728b) [PhysX] Initialized MultithreadedTaskDispatcher with 32 workers.
 -> (artifact id: '51e20c6bd48ef0c4b5f6679e6dc7e0d9') in 0.006118 seconds
Number of updated asset objects reloaded before import = 0
Number of asset objects unloaded after import = 3
========================================================================
Received Import Request.
  Time since last request: 0.000018 seconds.
  path: Assets/3rdParty/ElvGames/Fantasy Dreamland/Tilesets/Village/Tiles/FD_Village_842.asset
  artifactKey: Guid(8c7e652133923124aa0b2577390b81f5) Importer(815301076,1909f56bfc062723c751e8b465ee728b)
Start importing Assets/3rdParty/ElvGames/Fantasy Dreamland/Tilesets/Village/Tiles/FD_Village_842.asset using Guid(8c7e652133923124aa0b2577390b81f5) Importer(815301076,1909f56bfc062723c751e8b465ee728b) [PhysX] Initialized MultithreadedTaskDispatcher with 32 workers.
 -> (artifact id: '0bda0be491d4e23164f7434b63ed13a1') in 0.004726 seconds
Number of updated asset objects reloaded before import = 0
Number of asset objects unloaded after import = 3
========================================================================
Received Import Request.
  Time since last request: 0.000024 seconds.
  path: Assets/3rdParty/ElvGames/Fantasy Dreamland Reborn/Winter Village/Tiles/FDR_Winter_Village_765.asset
  artifactKey: Guid(3f9b5e2efc1d7824e8c7725b7fae03f3) Importer(815301076,1909f56bfc062723c751e8b465ee728b)
Start importing Assets/3rdParty/ElvGames/Fantasy Dreamland Reborn/Winter Village/Tiles/FDR_Winter_Village_765.asset using Guid(3f9b5e2efc1d7824e8c7725b7fae03f3) Importer(815301076,1909f56bfc062723c751e8b465ee728b) [PhysX] Initialized MultithreadedTaskDispatcher with 32 workers.
 -> (artifact id: 'ffbae400965ed2a1760eab219aca4bd8') in 0.005217 seconds
Number of updated asset objects reloaded before import = 0
Number of asset objects unloaded after import = 3
========================================================================
Received Import Request.
  Time since last request: 0.000028 seconds.
  path: Assets/3rdParty/ElvGames/Fantasy Dreamland Reborn/Village/Tiles/FDR_Village_89.asset
  artifactKey: Guid(6980381c9bda7dd4c85475d5144324d4) Importer(815301076,1909f56bfc062723c751e8b465ee728b)
Start importing Assets/3rdParty/ElvGames/Fantasy Dreamland Reborn/Village/Tiles/FDR_Village_89.asset using Guid(6980381c9bda7dd4c85475d5144324d4) Importer(815301076,1909f56bfc062723c751e8b465ee728b) [PhysX] Initialized MultithreadedTaskDispatcher with 32 workers.
 -> (artifact id: '0f90876c2204a95c71e84157697b0359') in 0.005345 seconds
Number of updated asset objects reloaded before import = 0
Number of asset objects unloaded after import = 3
========================================================================
Received Import Request.
  Time since last request: 0.000014 seconds.
  path: Assets/3rdParty/ElvGames/Fantasy Dreamland/Tilesets/Winter Village/Tiles/FD_Winter_Village_472.asset
  artifactKey: Guid(f90100de591eb494898808eb686d07d8) Importer(815301076,1909f56bfc062723c751e8b465ee728b)
Start importing Assets/3rdParty/ElvGames/Fantasy Dreamland/Tilesets/Winter Village/Tiles/FD_Winter_Village_472.asset using Guid(f90100de591eb494898808eb686d07d8) Importer(815301076,1909f56bfc062723c751e8b465ee728b) [PhysX] Initialized MultithreadedTaskDispatcher with 32 workers.
 -> (artifact id: 'a1442e8949d199bb8338ca30ef5f57a6') in 0.004940 seconds
Number of updated asset objects reloaded before import = 0
Number of asset objects unloaded after import = 3
========================================================================
Received Import Request.
  Time since last request: 0.000011 seconds.
  path: Assets/3rdParty/Adventure RPG Essentials Music Pack v1.1/WAV/06a Victory Fanfare.wav
  artifactKey: Guid(5019243e23dfbeb47b08afa997c253f5) Importer(815301076,1909f56bfc062723c751e8b465ee728b)
Start importing Assets/3rdParty/Adventure RPG Essentials Music Pack v1.1/WAV/06a Victory Fanfare.wav using Guid(5019243e23dfbeb47b08afa997c253f5) Importer(815301076,1909f56bfc062723c751e8b465ee728b) [PhysX] Initialized MultithreadedTaskDispatcher with 32 workers.
[PhysX] Initialized MultithreadedTaskDispatcher with 32 workers.
 -> (artifact id: 'ee6b0f990f8766579e4bc3e44db37d27') in 0.005061 seconds
Number of updated asset objects reloaded before import = 0
Number of asset objects unloaded after import = 2
========================================================================
Received Import Request.
  Time since last request: 0.000016 seconds.
  path: Assets/3rdParty/ElvGames/Fantasy Dreamland/Tilesets/Village/Tiles/FD_Village_31.asset
  artifactKey: Guid(553c037f55383424c8b03ab1f2c918ca) Importer(815301076,1909f56bfc062723c751e8b465ee728b)
Start importing Assets/3rdParty/ElvGames/Fantasy Dreamland/Tilesets/Village/Tiles/FD_Village_31.asset using Guid(553c037f55383424c8b03ab1f2c918ca) Importer(815301076,1909f56bfc062723c751e8b465ee728b) [PhysX] Initialized MultithreadedTaskDispatcher with 32 workers.
 -> (artifact id: 'e22734da4f2083dc1bcb786ec3510c7d') in 0.004887 seconds
Number of updated asset objects reloaded before import = 0
Number of asset objects unloaded after import = 3
========================================================================
Received Import Request.
  Time since last request: 0.000015 seconds.
  path: Assets/3rdParty/ElvGames/Fantasy Dreamland/Tilesets/Winter Village/Tiles/FD_Winter_Village_859.asset
  artifactKey: Guid(779e7d5ea7786cf4f855aacc63778555) Importer(815301076,1909f56bfc062723c751e8b465ee728b)
Start importing Assets/3rdParty/ElvGames/Fantasy Dreamland/Tilesets/Winter Village/Tiles/FD_Winter_Village_859.asset using Guid(779e7d5ea7786cf4f855aacc63778555) Importer(815301076,1909f56bfc062723c751e8b465ee728b) [PhysX] Initialized MultithreadedTaskDispatcher with 32 workers.
 -> (artifact id: 'cb77354671fed5e1ebac1e371c3ae2d6') in 0.004627 seconds
Number of updated asset objects reloaded before import = 0
Number of asset objects unloaded after import = 3
========================================================================
Received Import Request.
  Time since last request: 0.000016 seconds.
  path: Assets/3rdParty/ElvGames/Fantasy Dreamland/Tilesets/Village/Tiles/FD_Village_615.asset
  artifactKey: Guid(6909d6ff203631d4a823a63023faa10d) Importer(815301076,1909f56bfc062723c751e8b465ee728b)
Start importing Assets/3rdParty/ElvGames/Fantasy Dreamland/Tilesets/Village/Tiles/FD_Village_615.asset using Guid(6909d6ff203631d4a823a63023faa10d) Importer(815301076,1909f56bfc062723c751e8b465ee728b) [PhysX] Initialized MultithreadedTaskDispatcher with 32 workers.
 -> (artifact id: 'cc212e5e067afb49adbc4a085b82fb6f') in 0.004408 seconds
Number of updated asset objects reloaded before import = 0
Number of asset objects unloaded after import = 3
========================================================================
Received Import Request.
  Time since last request: 0.000012 seconds.
  path: Assets/3rdParty/ElvGames/Fantasy Dreamland/Tilesets/Caves/Animations/Caves_Ani 13.asset
  artifactKey: Guid(6ede61430bebb8d49a9e7687c1b08dfd) Importer(815301076,1909f56bfc062723c751e8b465ee728b)
Start importing Assets/3rdParty/ElvGames/Fantasy Dreamland/Tilesets/Caves/Animations/Caves_Ani 13.asset using Guid(6ede61430bebb8d49a9e7687c1b08dfd) Importer(815301076,1909f56bfc062723c751e8b465ee728b) [PhysX] Initialized MultithreadedTaskDispatcher with 32 workers.
 -> (artifact id: 'cf52a0e1a3919853bf8acbdbb20d602a') in 0.001101 seconds
Number of updated asset objects reloaded before import = 0
Number of asset objects unloaded after import = 5
========================================================================
Received Import Request.
  Time since last request: 0.000015 seconds.
  path: Assets/3rdParty/ElvGames/Fantasy Dreamland/Tilesets/Village/Tiles/FD_Village_21.asset
  artifactKey: Guid(d628df16251fd7e438902fc72c317dff) Importer(815301076,1909f56bfc062723c751e8b465ee728b)
Start importing Assets/3rdParty/ElvGames/Fantasy Dreamland/Tilesets/Village/Tiles/FD_Village_21.asset using Guid(d628df16251fd7e438902fc72c317dff) Importer(815301076,1909f56bfc062723c751e8b465ee728b) [PhysX] Initialized MultithreadedTaskDispatcher with 32 workers.
 -> (artifact id: '451ee2c1c378027bd1984bda027c6d6b') in 0.005088 seconds
Number of updated asset objects reloaded before import = 0
Number of asset objects unloaded after import = 3
========================================================================
Received Import Request.
  Time since last request: 0.000029 seconds.
  path: Assets/3rdParty/ElvGames/Fantasy Dreamland/Tilesets/Village/Tiles/FD_Village_74.asset
  artifactKey: Guid(b80122245bacf424eb9c2a27066cf8c0) Importer(815301076,1909f56bfc062723c751e8b465ee728b)
Start importing Assets/3rdParty/ElvGames/Fantasy Dreamland/Tilesets/Village/Tiles/FD_Village_74.asset using Guid(b80122245bacf424eb9c2a27066cf8c0) Importer(815301076,1909f56bfc062723c751e8b465ee728b) [PhysX] Initialized MultithreadedTaskDispatcher with 32 workers.
 -> (artifact id: 'b1b1eac7fbec59f446dd2a9501fe9daa') in 0.005013 seconds
Number of updated asset objects reloaded before import = 0
Number of asset objects unloaded after import = 3
========================================================================
Received Import Request.
  Time since last request: 0.000016 seconds.
  path: Assets/3rdParty/ElvGames/Fantasy Dreamland/Tilesets/Village/Tiles/FD_Village_843.asset
  artifactKey: Guid(19ec26c9dcf6fbb47856f0951b7b62f3) Importer(815301076,1909f56bfc062723c751e8b465ee728b)
Start importing Assets/3rdParty/ElvGames/Fantasy Dreamland/Tilesets/Village/Tiles/FD_Village_843.asset using Guid(19ec26c9dcf6fbb47856f0951b7b62f3) Importer(815301076,1909f56bfc062723c751e8b465ee728b) [PhysX] Initialized MultithreadedTaskDispatcher with 32 workers.
 -> (artifact id: '5f3d8b845519b11f57e2f83c40024e6d') in 0.006853 seconds
Number of updated asset objects reloaded before import = 0
Number of asset objects unloaded after import = 3
========================================================================
Received Import Request.
  Time since last request: 0.000014 seconds.
  path: Assets/3rdParty/ElvGames/Fantasy Dreamland Reborn/Village/Tiles/FDR_Village_329.asset
  artifactKey: Guid(4cabef6a374809d4abfd8b46842bb542) Importer(815301076,1909f56bfc062723c751e8b465ee728b)
Start importing Assets/3rdParty/ElvGames/Fantasy Dreamland Reborn/Village/Tiles/FDR_Village_329.asset using Guid(4cabef6a374809d4abfd8b46842bb542) Importer(815301076,1909f56bfc062723c751e8b465ee728b) [PhysX] Initialized MultithreadedTaskDispatcher with 32 workers.
 -> (artifact id: 'f79dfc2d8a4c199a432660e01510fa32') in 0.005151 seconds
Number of updated asset objects reloaded before import = 0
Number of asset objects unloaded after import = 3
========================================================================
Received Import Request.
  Time since last request: 0.000019 seconds.
  path: Assets/3rdParty/ElvGames/Fantasy Dreamland/Tilesets/Caves/Animations/Caves_Ani 10.asset
  artifactKey: Guid(9f0a9af55328aaf469f68e7ca70aba64) Importer(815301076,1909f56bfc062723c751e8b465ee728b)
Start importing Assets/3rdParty/ElvGames/Fantasy Dreamland/Tilesets/Caves/Animations/Caves_Ani 10.asset using Guid(9f0a9af55328aaf469f68e7ca70aba64) Importer(815301076,1909f56bfc062723c751e8b465ee728b) [PhysX] Initialized MultithreadedTaskDispatcher with 32 workers.
 -> (artifact id: '28b9aac4ace2395361c06428aac07760') in 0.002565 seconds
Number of updated asset objects reloaded before import = 0
Number of asset objects unloaded after import = 4
========================================================================
Received Import Request.
  Time since last request: 0.000019 seconds.
  path: Assets/3rdParty/ElvGames/Fantasy Dreamland Reborn/Village/Tiles/FDR_Village_100.asset
  artifactKey: Guid(75da31f1e8792fb45bfde352ae360d77) Importer(815301076,1909f56bfc062723c751e8b465ee728b)
Start importing Assets/3rdParty/ElvGames/Fantasy Dreamland Reborn/Village/Tiles/FDR_Village_100.asset using Guid(75da31f1e8792fb45bfde352ae360d77) Importer(815301076,1909f56bfc062723c751e8b465ee728b) [PhysX] Initialized MultithreadedTaskDispatcher with 32 workers.
 -> (artifact id: 'a95283b1a6f45810d1ca189f50e9d18c') in 0.005332 seconds
Number of updated asset objects reloaded before import = 0
Number of asset objects unloaded after import = 3
========================================================================
Received Import Request.
  Time since last request: 0.000015 seconds.
  path: Assets/3rdParty/ElvGames/Fantasy Dreamland/Tilesets/Village/Tiles/FD_Village_37.asset
  artifactKey: Guid(7f98ea3da0565f6489a52966c4190383) Importer(815301076,1909f56bfc062723c751e8b465ee728b)
Start importing Assets/3rdParty/ElvGames/Fantasy Dreamland/Tilesets/Village/Tiles/FD_Village_37.asset using Guid(7f98ea3da0565f6489a52966c4190383) Importer(815301076,1909f56bfc062723c751e8b465ee728b) [PhysX] Initialized MultithreadedTaskDispatcher with 32 workers.
 -> (artifact id: '06f55bbdbd478e574cf1da9a465df048') in 0.005035 seconds
Number of updated asset objects reloaded before import = 0
Number of asset objects unloaded after import = 3
========================================================================
Received Import Request.
  Time since last request: 0.000016 seconds.
  path: Assets/3rdParty/ElvGames/Fantasy Dreamland Reborn/Village/Tiles/FDR_Village_334.asset
  artifactKey: Guid(739ffd26b79ef8c4e989a9dcc8c265a9) Importer(815301076,1909f56bfc062723c751e8b465ee728b)
Start importing Assets/3rdParty/ElvGames/Fantasy Dreamland Reborn/Village/Tiles/FDR_Village_334.asset using Guid(739ffd26b79ef8c4e989a9dcc8c265a9) Importer(815301076,1909f56bfc062723c751e8b465ee728b) [PhysX] Initialized MultithreadedTaskDispatcher with 32 workers.
 -> (artifact id: '3a979137392c486080dbd70764b5cbb5') in 0.004043 seconds
Number of updated asset objects reloaded before import = 0
Number of asset objects unloaded after import = 3
========================================================================
Received Import Request.
  Time since last request: 0.000013 seconds.
  path: Assets/3rdParty/ElvGames/Fantasy Dreamland Reborn/Village/Tiles/FDR_Village_644.asset
  artifactKey: Guid(aedfbc9832a29c54c9a07c9949562364) Importer(815301076,1909f56bfc062723c751e8b465ee728b)
Start importing Assets/3rdParty/ElvGames/Fantasy Dreamland Reborn/Village/Tiles/FDR_Village_644.asset using Guid(aedfbc9832a29c54c9a07c9949562364) Importer(815301076,1909f56bfc062723c751e8b465ee728b) [PhysX] Initialized MultithreadedTaskDispatcher with 32 workers.
 -> (artifact id: '766a030b060529f30c241e208f2380a5') in 0.006286 seconds
Number of updated asset objects reloaded before import = 0
Number of asset objects unloaded after import = 3
========================================================================
Received Import Request.
  Time since last request: 0.000014 seconds.
  path: Assets/3rdParty/ElvGames/Fantasy Dreamland/Tilesets/Winter Village/Tiles/FD_Winter_Village_489.asset
  artifactKey: Guid(01e2b9975b6c10f449d18dc744342a5c) Importer(815301076,1909f56bfc062723c751e8b465ee728b)
Start importing Assets/3rdParty/ElvGames/Fantasy Dreamland/Tilesets/Winter Village/Tiles/FD_Winter_Village_489.asset using Guid(01e2b9975b6c10f449d18dc744342a5c) Importer(815301076,1909f56bfc062723c751e8b465ee728b) [PhysX] Initialized MultithreadedTaskDispatcher with 32 workers.
 -> (artifact id: 'e49085b35995488ea66ffc1990531a22') in 0.004056 seconds
Number of updated asset objects reloaded before import = 0
Number of asset objects unloaded after import = 3
========================================================================
Received Import Request.
  Time since last request: 0.000026 seconds.
  path: Assets/3rdParty/ElvGames/Fantasy Dreamland Reborn/Winter Village/Tiles/FDR_Winter_Village_524.asset
  artifactKey: Guid(f2de94aacdd505e42835f8a0ebcadb2a) Importer(815301076,1909f56bfc062723c751e8b465ee728b)
Start importing Assets/3rdParty/ElvGames/Fantasy Dreamland Reborn/Winter Village/Tiles/FDR_Winter_Village_524.asset using Guid(f2de94aacdd505e42835f8a0ebcadb2a) Importer(815301076,1909f56bfc062723c751e8b465ee728b) [PhysX] Initialized MultithreadedTaskDispatcher with 32 workers.
 -> (artifact id: 'ca1311a3be641200ba11a9b1726b0c97') in 0.004738 seconds
Number of updated asset objects reloaded before import = 0
Number of asset objects unloaded after import = 3
========================================================================
Received Import Request.
  Time since last request: 0.000013 seconds.
  path: Assets/3rdParty/ElvGames/Fantasy Dreamland/Tilesets/Village/Tiles/FD_Village_621.asset
  artifactKey: Guid(c0e9ea52b9b03184fbc471c8f636fabc) Importer(815301076,1909f56bfc062723c751e8b465ee728b)
Start importing Assets/3rdParty/ElvGames/Fantasy Dreamland/Tilesets/Village/Tiles/FD_Village_621.asset using Guid(c0e9ea52b9b03184fbc471c8f636fabc) Importer(815301076,1909f56bfc062723c751e8b465ee728b) [PhysX] Initialized MultithreadedTaskDispatcher with 32 workers.
 -> (artifact id: '9b05633ad32931b5ac0a9aa6634f1f76') in 0.004203 seconds
Number of updated asset objects reloaded before import = 0
Number of asset objects unloaded after import = 3
========================================================================
Received Import Request.
  Time since last request: 0.000013 seconds.
  path: Assets/3rdParty/ElvGames/Fantasy Dreamland/Tilesets/Village/Tiles/FD_Village_58.asset
  artifactKey: Guid(7442df482af780f46be5c17ac5b0dc92) Importer(815301076,1909f56bfc062723c751e8b465ee728b)
Start importing Assets/3rdParty/ElvGames/Fantasy Dreamland/Tilesets/Village/Tiles/FD_Village_58.asset using Guid(7442df482af780f46be5c17ac5b0dc92) Importer(815301076,1909f56bfc062723c751e8b465ee728b) [PhysX] Initialized MultithreadedTaskDispatcher with 32 workers.
 -> (artifact id: '1158f8228af7ebb5f2a73ba9c35df74e') in 0.005713 seconds
Number of updated asset objects reloaded before import = 0
Number of asset objects unloaded after import = 3
========================================================================
Received Import Request.
  Time since last request: 0.000044 seconds.
  path: Assets/3rdParty/ElvGames/Fantasy Dreamland Reborn/Winter Village/Tiles/FDR_Winter_Village_1.asset
  artifactKey: Guid(b023eed32895d0041b3cb6d06fb4df81) Importer(815301076,1909f56bfc062723c751e8b465ee728b)
Start importing Assets/3rdParty/ElvGames/Fantasy Dreamland Reborn/Winter Village/Tiles/FDR_Winter_Village_1.asset using Guid(b023eed32895d0041b3cb6d06fb4df81) Importer(815301076,1909f56bfc062723c751e8b465ee728b) [PhysX] Initialized MultithreadedTaskDispatcher with 32 workers.
 -> (artifact id: '0ab8ec4d73861484ab529c461756120f') in 0.005272 seconds
Number of updated asset objects reloaded before import = 0
Number of asset objects unloaded after import = 3
========================================================================
Received Import Request.
  Time since last request: 0.000028 seconds.
  path: Assets/3rdParty/ElvGames/Fantasy Dreamland Reborn/Winter Village/Tiles/FDR_Winter_Village_520.asset
  artifactKey: Guid(da97afd7b1de25840a09335cd2e7707b) Importer(815301076,1909f56bfc062723c751e8b465ee728b)
Start importing Assets/3rdParty/ElvGames/Fantasy Dreamland Reborn/Winter Village/Tiles/FDR_Winter_Village_520.asset using Guid(da97afd7b1de25840a09335cd2e7707b) Importer(815301076,1909f56bfc062723c751e8b465ee728b) [PhysX] Initialized MultithreadedTaskDispatcher with 32 workers.
 -> (artifact id: '64529a07bd841caf52d641543e25405c') in 0.005295 seconds
Number of updated asset objects reloaded before import = 0
Number of asset objects unloaded after import = 3
========================================================================
Received Import Request.
  Time since last request: 0.000015 seconds.
  path: Assets/3rdParty/ElvGames/Fantasy Dreamland Reborn/Winter Village/Tiles/FDR_Winter_Village_214.asset
  artifactKey: Guid(451bfba0b596f504a9775d0ae8da400c) Importer(815301076,1909f56bfc062723c751e8b465ee728b)
Start importing Assets/3rdParty/ElvGames/Fantasy Dreamland Reborn/Winter Village/Tiles/FDR_Winter_Village_214.asset using Guid(451bfba0b596f504a9775d0ae8da400c) Importer(815301076,1909f56bfc062723c751e8b465ee728b) [PhysX] Initialized MultithreadedTaskDispatcher with 32 workers.
 -> (artifact id: '68ddd7765fba65e40da674aebe4658cd') in 0.004589 seconds
Number of updated asset objects reloaded before import = 0
Number of asset objects unloaded after import = 3
========================================================================
Received Import Request.
  Time since last request: 0.000012 seconds.
  path: Assets/3rdParty/ElvGames/Fantasy Dreamland/Tilesets/Village/Tiles/FD_Village_78.asset
  artifactKey: Guid(61025b2461cbcee44bc815f257934546) Importer(815301076,1909f56bfc062723c751e8b465ee728b)
Start importing Assets/3rdParty/ElvGames/Fantasy Dreamland/Tilesets/Village/Tiles/FD_Village_78.asset using Guid(61025b2461cbcee44bc815f257934546) Importer(815301076,1909f56bfc062723c751e8b465ee728b) [PhysX] Initialized MultithreadedTaskDispatcher with 32 workers.
 -> (artifact id: '48cadbb6eb22b9352afa3b8d35535376') in 0.004970 seconds
Number of updated asset objects reloaded before import = 0
Number of asset objects unloaded after import = 3
========================================================================
Received Import Request.
  Time since last request: 0.000017 seconds.
  path: Assets/3rdParty/ElvGames/Fantasy Dreamland Reborn/Winter Village/Tiles/FDR_Winter_Village_44.asset
  artifactKey: Guid(679bc8116200af7478885550ff62055a) Importer(815301076,1909f56bfc062723c751e8b465ee728b)
Start importing Assets/3rdParty/ElvGames/Fantasy Dreamland Reborn/Winter Village/Tiles/FDR_Winter_Village_44.asset using Guid(679bc8116200af7478885550ff62055a) Importer(815301076,1909f56bfc062723c751e8b465ee728b) [PhysX] Initialized MultithreadedTaskDispatcher with 32 workers.
 -> (artifact id: 'f8ec030a55cc199d7d6d5ca0043a5ac5') in 0.006881 seconds
Number of updated asset objects reloaded before import = 0
Number of asset objects unloaded after import = 3
========================================================================
Received Import Request.
  Time since last request: 0.000021 seconds.
  path: Assets/3rdParty/ElvGames/Fantasy Dreamland Reborn/Winter Village/Tiles/FDR_Winter_Village_6.asset
  artifactKey: Guid(cc901d5614bc9ef4ea843ab79ab71c85) Importer(815301076,1909f56bfc062723c751e8b465ee728b)
Start importing Assets/3rdParty/ElvGames/Fantasy Dreamland Reborn/Winter Village/Tiles/FDR_Winter_Village_6.asset using Guid(cc901d5614bc9ef4ea843ab79ab71c85) Importer(815301076,1909f56bfc062723c751e8b465ee728b) [PhysX] Initialized MultithreadedTaskDispatcher with 32 workers.
 -> (artifact id: '03e4cfa115f4e4caff8253b07a65659a') in 0.005264 seconds
Number of updated asset objects reloaded before import = 0
Number of asset objects unloaded after import = 3
========================================================================
Received Import Request.
  Time since last request: 0.000013 seconds.
  path: Assets/3rdParty/ElvGames/Fantasy Dreamland/Tilesets/Winter Village/Tiles/FD_Winter_Village_791.asset
  artifactKey: Guid(89f95817c92a5bf4d898afc31852eb9a) Importer(815301076,1909f56bfc062723c751e8b465ee728b)
Start importing Assets/3rdParty/ElvGames/Fantasy Dreamland/Tilesets/Winter Village/Tiles/FD_Winter_Village_791.asset using Guid(89f95817c92a5bf4d898afc31852eb9a) Importer(815301076,1909f56bfc062723c751e8b465ee728b) [PhysX] Initialized MultithreadedTaskDispatcher with 32 workers.
 -> (artifact id: '0ecdd830b3efdad4340be4ce5b1a1b22') in 0.005202 seconds
Number of updated asset objects reloaded before import = 0
Number of asset objects unloaded after import = 3
========================================================================
Received Import Request.
  Time since last request: 0.000015 seconds.
  path: Assets/3rdParty/ElvGames/Fantasy Dreamland Reborn/Village/Tiles/FDR_Village_269.asset
  artifactKey: Guid(d287fb02f3e7e414884ab068c38d75bc) Importer(815301076,1909f56bfc062723c751e8b465ee728b)
Start importing Assets/3rdParty/ElvGames/Fantasy Dreamland Reborn/Village/Tiles/FDR_Village_269.asset using Guid(d287fb02f3e7e414884ab068c38d75bc) Importer(815301076,1909f56bfc062723c751e8b465ee728b) [PhysX] Initialized MultithreadedTaskDispatcher with 32 workers.
 -> (artifact id: '140f52cc133dcf1814edd517ece02701') in 0.006458 seconds
Number of updated asset objects reloaded before import = 0
Number of asset objects unloaded after import = 3
========================================================================
Received Import Request.
  Time since last request: 0.000013 seconds.
  path: Assets/3rdParty/ElvGames/Fantasy Dreamland/Tilesets/Village/Tiles/FD_Village_94.asset
  artifactKey: Guid(8368c6711b6657d408bfdea5819f619c) Importer(815301076,1909f56bfc062723c751e8b465ee728b)
Start importing Assets/3rdParty/ElvGames/Fantasy Dreamland/Tilesets/Village/Tiles/FD_Village_94.asset using Guid(8368c6711b6657d408bfdea5819f619c) Importer(815301076,1909f56bfc062723c751e8b465ee728b) [PhysX] Initialized MultithreadedTaskDispatcher with 32 workers.
 -> (artifact id: 'fadcb7824900c1c7fb5c97825c3a7f81') in 0.006608 seconds
Number of updated asset objects reloaded before import = 0
Number of asset objects unloaded after import = 3
========================================================================
Received Import Request.
  Time since last request: 0.000021 seconds.
  path: Assets/3rdParty/ElvGames/Fantasy Dreamland/Tilesets/Winter Village/Tiles/FD_Winter_Village_871.asset
  artifactKey: Guid(083c406f6369a74438ad4c8a905c12ab) Importer(815301076,1909f56bfc062723c751e8b465ee728b)
Start importing Assets/3rdParty/ElvGames/Fantasy Dreamland/Tilesets/Winter Village/Tiles/FD_Winter_Village_871.asset using Guid(083c406f6369a74438ad4c8a905c12ab) Importer(815301076,1909f56bfc062723c751e8b465ee728b) [PhysX] Initialized MultithreadedTaskDispatcher with 32 workers.
 -> (artifact id: '7036e39206f3ebecb68bee944d67517a') in 0.004837 seconds
Number of updated asset objects reloaded before import = 0
Number of asset objects unloaded after import = 3
========================================================================
Received Import Request.
  Time since last request: 0.000020 seconds.
  path: Assets/3rdParty/ElvGames/Fantasy Dreamland/Tilesets/Village/Tiles/FD_Village_517.asset
  artifactKey: Guid(4bc47b01dd0a87641a8c408d55337580) Importer(815301076,1909f56bfc062723c751e8b465ee728b)
Start importing Assets/3rdParty/ElvGames/Fantasy Dreamland/Tilesets/Village/Tiles/FD_Village_517.asset using Guid(4bc47b01dd0a87641a8c408d55337580) Importer(815301076,1909f56bfc062723c751e8b465ee728b) [PhysX] Initialized MultithreadedTaskDispatcher with 32 workers.
 -> (artifact id: '4a20076dfda10a5d18c1eda7a81ecb53') in 0.007931 seconds
Number of updated asset objects reloaded before import = 0
Number of asset objects unloaded after import = 3
========================================================================
Received Import Request.
  Time since last request: 0.000017 seconds.
  path: Assets/3rdParty/ElvGames/Fantasy Dreamland/Tilesets/Village/Tiles/FD_Village_505.asset
  artifactKey: Guid(83f3ada69721b2849968c180884dff13) Importer(815301076,1909f56bfc062723c751e8b465ee728b)
Start importing Assets/3rdParty/ElvGames/Fantasy Dreamland/Tilesets/Village/Tiles/FD_Village_505.asset using Guid(83f3ada69721b2849968c180884dff13) Importer(815301076,1909f56bfc062723c751e8b465ee728b) [PhysX] Initialized MultithreadedTaskDispatcher with 32 workers.
 -> (artifact id: 'dd50ba9d54b77dc05573343f6e5f963c') in 0.004769 seconds
Number of updated asset objects reloaded before import = 0
Number of asset objects unloaded after import = 3
========================================================================
Received Import Request.
  Time since last request: 0.000020 seconds.
  path: Assets/3rdParty/ElvGames/Fantasy Dreamland/Tilesets/Winter Village/Tiles/FD_Winter_Village_212.asset
  artifactKey: Guid(294d7e7ec0f454e4f9ad6d7de2dcf9c9) Importer(815301076,1909f56bfc062723c751e8b465ee728b)
Start importing Assets/3rdParty/ElvGames/Fantasy Dreamland/Tilesets/Winter Village/Tiles/FD_Winter_Village_212.asset using Guid(294d7e7ec0f454e4f9ad6d7de2dcf9c9) Importer(815301076,1909f56bfc062723c751e8b465ee728b) [PhysX] Initialized MultithreadedTaskDispatcher with 32 workers.
 -> (artifact id: 'd85bb1b940f4ffdeb8561788c14b6b42') in 0.004233 seconds
Number of updated asset objects reloaded before import = 0
Number of asset objects unloaded after import = 3
========================================================================
Received Import Request.
  Time since last request: 0.000013 seconds.
  path: Assets/3rdParty/ElvGames/Fantasy Dreamland/Tilesets/Village/Tiles/FD_Village_55.asset
  artifactKey: Guid(13f230eaf5edc8a49ae54ebdf5b76bba) Importer(815301076,1909f56bfc062723c751e8b465ee728b)
Start importing Assets/3rdParty/ElvGames/Fantasy Dreamland/Tilesets/Village/Tiles/FD_Village_55.asset using Guid(13f230eaf5edc8a49ae54ebdf5b76bba) Importer(815301076,1909f56bfc062723c751e8b465ee728b) [PhysX] Initialized MultithreadedTaskDispatcher with 32 workers.
 -> (artifact id: 'a9d92e25b040f44a91460d546ff870c1') in 0.005147 seconds
Number of updated asset objects reloaded before import = 0
Number of asset objects unloaded after import = 3
========================================================================
Received Import Request.
  Time since last request: 0.000021 seconds.
  path: Assets/3rdParty/ElvGames/Fantasy Dreamland Reborn/Winter Village/Tiles/FDR_Winter_Village_503.asset
  artifactKey: Guid(fe635386f8ea1b849805e269eb896398) Importer(815301076,1909f56bfc062723c751e8b465ee728b)
Start importing Assets/3rdParty/ElvGames/Fantasy Dreamland Reborn/Winter Village/Tiles/FDR_Winter_Village_503.asset using Guid(fe635386f8ea1b849805e269eb896398) Importer(815301076,1909f56bfc062723c751e8b465ee728b) [PhysX] Initialized MultithreadedTaskDispatcher with 32 workers.
 -> (artifact id: '9d62a610239fbd42810a59bc5564a3bb') in 0.004393 seconds
Number of updated asset objects reloaded before import = 0
Number of asset objects unloaded after import = 3
========================================================================
Received Import Request.
  Time since last request: 0.000012 seconds.
  path: Assets/3rdParty/ElvGames/Fantasy Dreamland/Tilesets/Village/Tiles/FD_Village_617.asset
  artifactKey: Guid(f09a58ca225e4ac47817fdfaaec64ae0) Importer(815301076,1909f56bfc062723c751e8b465ee728b)
Start importing Assets/3rdParty/ElvGames/Fantasy Dreamland/Tilesets/Village/Tiles/FD_Village_617.asset using Guid(f09a58ca225e4ac47817fdfaaec64ae0) Importer(815301076,1909f56bfc062723c751e8b465ee728b) [PhysX] Initialized MultithreadedTaskDispatcher with 32 workers.
 -> (artifact id: 'bf6d73d36de663df8a6fb1db54f167cc') in 0.004470 seconds
Number of updated asset objects reloaded before import = 0
Number of asset objects unloaded after import = 3
========================================================================
Received Import Request.
  Time since last request: 0.000013 seconds.
  path: Assets/3rdParty/ElvGames/Fantasy Dreamland Reborn/Village/Tiles/FDR_Village_663.asset
  artifactKey: Guid(8c68b57119299b44a86bc390a15a6110) Importer(815301076,1909f56bfc062723c751e8b465ee728b)
Start importing Assets/3rdParty/ElvGames/Fantasy Dreamland Reborn/Village/Tiles/FDR_Village_663.asset using Guid(8c68b57119299b44a86bc390a15a6110) Importer(815301076,1909f56bfc062723c751e8b465ee728b) [PhysX] Initialized MultithreadedTaskDispatcher with 32 workers.
 -> (artifact id: '3e645346fc99904dd4281e4fc389cb03') in 0.005205 seconds
Number of updated asset objects reloaded before import = 0
Number of asset objects unloaded after import = 3
========================================================================
Received Import Request.
  Time since last request: 0.000013 seconds.
  path: Assets/3rdParty/ElvGames/Fantasy Dreamland/Tilesets/Winter Village/Tiles/FD_Winter_Village_482.asset
  artifactKey: Guid(68529d4d3d9600640aea6beed247bc91) Importer(815301076,1909f56bfc062723c751e8b465ee728b)
Start importing Assets/3rdParty/ElvGames/Fantasy Dreamland/Tilesets/Winter Village/Tiles/FD_Winter_Village_482.asset using Guid(68529d4d3d9600640aea6beed247bc91) Importer(815301076,1909f56bfc062723c751e8b465ee728b) [PhysX] Initialized MultithreadedTaskDispatcher with 32 workers.
 -> (artifact id: 'bb7ca9ea09f544da365d0f0a209cd677') in 0.004141 seconds
Number of updated asset objects reloaded before import = 0
Number of asset objects unloaded after import = 3
========================================================================
Received Import Request.
  Time since last request: 0.000025 seconds.
  path: Assets/3rdParty/ElvGames/Fantasy Dreamland Reborn/Winter Village/Tiles/FDR_Winter_Village_41.asset
  artifactKey: Guid(1be19e11acc14da4bb96053330e02a10) Importer(815301076,1909f56bfc062723c751e8b465ee728b)
Start importing Assets/3rdParty/ElvGames/Fantasy Dreamland Reborn/Winter Village/Tiles/FDR_Winter_Village_41.asset using Guid(1be19e11acc14da4bb96053330e02a10) Importer(815301076,1909f56bfc062723c751e8b465ee728b) [PhysX] Initialized MultithreadedTaskDispatcher with 32 workers.
 -> (artifact id: '97fd3663891bfbd6d7122fe3572d80fc') in 0.004382 seconds
Number of updated asset objects reloaded before import = 0
Number of asset objects unloaded after import = 3
========================================================================
Received Import Request.
  Time since last request: 0.000028 seconds.
  path: Assets/3rdParty/ElvGames/Fantasy Dreamland Reborn/Winter Village/Tiles/FDR_Winter_Village_30.asset
  artifactKey: Guid(fd7ad5ffdbed7ad4aba2fba5e7dc7964) Importer(815301076,1909f56bfc062723c751e8b465ee728b)
Start importing Assets/3rdParty/ElvGames/Fantasy Dreamland Reborn/Winter Village/Tiles/FDR_Winter_Village_30.asset using Guid(fd7ad5ffdbed7ad4aba2fba5e7dc7964) Importer(815301076,1909f56bfc062723c751e8b465ee728b) [PhysX] Initialized MultithreadedTaskDispatcher with 32 workers.
 -> (artifact id: '6faccbff7e1956df0841065ccf953023') in 0.004469 seconds
Number of updated asset objects reloaded before import = 0
Number of asset objects unloaded after import = 3
========================================================================
Received Import Request.
  Time since last request: 0.000014 seconds.
  path: Assets/3rdParty/ElvGames/Fantasy Dreamland/Tilesets/Winter Village/Tiles/FD_Winter_Village_798.asset
  artifactKey: Guid(a8d67d31b90310e41bd4ea4f1b53ee0a) Importer(815301076,1909f56bfc062723c751e8b465ee728b)
Start importing Assets/3rdParty/ElvGames/Fantasy Dreamland/Tilesets/Winter Village/Tiles/FD_Winter_Village_798.asset using Guid(a8d67d31b90310e41bd4ea4f1b53ee0a) Importer(815301076,1909f56bfc062723c751e8b465ee728b) [PhysX] Initialized MultithreadedTaskDispatcher with 32 workers.
 -> (artifact id: '1519aa0724fbc6ae072995a416295750') in 0.004537 seconds
Number of updated asset objects reloaded before import = 0
Number of asset objects unloaded after import = 3
========================================================================
Received Import Request.
  Time since last request: 0.000024 seconds.
  path: Assets/3rdParty/ElvGames/Fantasy Dreamland/Tilesets/Village/Tiles/FD_Village_610.asset
  artifactKey: Guid(8cb828c0f2b1f6d4fa7ec06f65b511d4) Importer(815301076,1909f56bfc062723c751e8b465ee728b)
Start importing Assets/3rdParty/ElvGames/Fantasy Dreamland/Tilesets/Village/Tiles/FD_Village_610.asset using Guid(8cb828c0f2b1f6d4fa7ec06f65b511d4) Importer(815301076,1909f56bfc062723c751e8b465ee728b) [PhysX] Initialized MultithreadedTaskDispatcher with 32 workers.
 -> (artifact id: 'b025e159c1280c79e0ec599776555efb') in 0.006802 seconds
Number of updated asset objects reloaded before import = 0
Number of asset objects unloaded after import = 3
========================================================================
Received Import Request.
  Time since last request: 0.000020 seconds.
  path: Assets/3rdParty/ElvGames/Fantasy Dreamland Reborn/Village/Tiles/FDR_Village_650.asset
  artifactKey: Guid(244033b1bb2da46469e99fda10016e83) Importer(815301076,1909f56bfc062723c751e8b465ee728b)
Start importing Assets/3rdParty/ElvGames/Fantasy Dreamland Reborn/Village/Tiles/FDR_Village_650.asset using Guid(244033b1bb2da46469e99fda10016e83) Importer(815301076,1909f56bfc062723c751e8b465ee728b) [PhysX] Initialized MultithreadedTaskDispatcher with 32 workers.
 -> (artifact id: '00b9f7306c2ec8a92af59254191c3875') in 0.006125 seconds
Number of updated asset objects reloaded before import = 0
Number of asset objects unloaded after import = 3
========================================================================
Received Import Request.
  Time since last request: 0.000018 seconds.
  path: Assets/3rdParty/ElvGames/Fantasy Dreamland Reborn/Winter Village/Tiles/FDR_Winter_Village_32.asset
  artifactKey: Guid(2150a704ae4500947a4959abab27d158) Importer(815301076,1909f56bfc062723c751e8b465ee728b)
Start importing Assets/3rdParty/ElvGames/Fantasy Dreamland Reborn/Winter Village/Tiles/FDR_Winter_Village_32.asset using Guid(2150a704ae4500947a4959abab27d158) Importer(815301076,1909f56bfc062723c751e8b465ee728b) [PhysX] Initialized MultithreadedTaskDispatcher with 32 workers.
 -> (artifact id: '464d9b36e9c4c8dde7cc3638013f85a8') in 0.005423 seconds
Number of updated asset objects reloaded before import = 0
Number of asset objects unloaded after import = 3
========================================================================
Received Import Request.
  Time since last request: 0.000012 seconds.
  path: Assets/3rdParty/ElvGames/Fantasy Dreamland/Tilesets/Village/Tiles/FD_Village_929.asset
  artifactKey: Guid(52921ec6db1f85f48bbc195550936ce6) Importer(815301076,1909f56bfc062723c751e8b465ee728b)
Start importing Assets/3rdParty/ElvGames/Fantasy Dreamland/Tilesets/Village/Tiles/FD_Village_929.asset using Guid(52921ec6db1f85f48bbc195550936ce6) Importer(815301076,1909f56bfc062723c751e8b465ee728b) [PhysX] Initialized MultithreadedTaskDispatcher with 32 workers.
 -> (artifact id: 'b6f9ccf4f451449e9b0fc70dcdc248d7') in 0.005582 seconds
Number of updated asset objects reloaded before import = 0
Number of asset objects unloaded after import = 3
========================================================================
Received Import Request.
  Time since last request: 0.000013 seconds.
  path: Assets/3rdParty/ElvGames/Fantasy Dreamland/Tilesets/Winter Village/Tiles/FD_Winter_Village_210.asset
  artifactKey: Guid(2acf35d1069ea6f478079a2a07361642) Importer(815301076,1909f56bfc062723c751e8b465ee728b)
Start importing Assets/3rdParty/ElvGames/Fantasy Dreamland/Tilesets/Winter Village/Tiles/FD_Winter_Village_210.asset using Guid(2acf35d1069ea6f478079a2a07361642) Importer(815301076,1909f56bfc062723c751e8b465ee728b) [PhysX] Initialized MultithreadedTaskDispatcher with 32 workers.
 -> (artifact id: '82641dcf1069b98e3559a6b0ec1bcf19') in 0.004542 seconds
Number of updated asset objects reloaded before import = 0
Number of asset objects unloaded after import = 3
========================================================================
Received Import Request.
  Time since last request: 0.000013 seconds.
  path: Assets/3rdParty/ElvGames/Fantasy Dreamland Reborn/Winter Village/Tiles/FDR_Winter_Village_513.asset
  artifactKey: Guid(c54e2421b9013b34db3824200fd9b9c6) Importer(815301076,1909f56bfc062723c751e8b465ee728b)
Start importing Assets/3rdParty/ElvGames/Fantasy Dreamland Reborn/Winter Village/Tiles/FDR_Winter_Village_513.asset using Guid(c54e2421b9013b34db3824200fd9b9c6) Importer(815301076,1909f56bfc062723c751e8b465ee728b) [PhysX] Initialized MultithreadedTaskDispatcher with 32 workers.
 -> (artifact id: 'c05b5473130835c5a805eaa8310b94e8') in 0.004429 seconds
Number of updated asset objects reloaded before import = 0
Number of asset objects unloaded after import = 3
========================================================================
Received Import Request.
  Time since last request: 0.000014 seconds.
  path: Assets/3rdParty/ElvGames/Fantasy Dreamland Reborn/Village/Tiles/FDR_Village_651.asset
  artifactKey: Guid(849ba9c1a33001f4ab1fc4be82fb1114) Importer(815301076,1909f56bfc062723c751e8b465ee728b)
Start importing Assets/3rdParty/ElvGames/Fantasy Dreamland Reborn/Village/Tiles/FDR_Village_651.asset using Guid(849ba9c1a33001f4ab1fc4be82fb1114) Importer(815301076,1909f56bfc062723c751e8b465ee728b) [PhysX] Initialized MultithreadedTaskDispatcher with 32 workers.
 -> (artifact id: 'c714f72c62eac2d55eba6d8e5d70cefe') in 0.003818 seconds
Number of updated asset objects reloaded before import = 0
Number of asset objects unloaded after import = 3
========================================================================
Received Import Request.
  Time since last request: 0.000013 seconds.
  path: Assets/3rdParty/ElvGames/Fantasy Dreamland/Tilesets/Village/Tiles/FD_Village_34.asset
  artifactKey: Guid(abfcc0c7c80ea2d4c9f49c3d57750410) Importer(815301076,1909f56bfc062723c751e8b465ee728b)
Start importing Assets/3rdParty/ElvGames/Fantasy Dreamland/Tilesets/Village/Tiles/FD_Village_34.asset using Guid(abfcc0c7c80ea2d4c9f49c3d57750410) Importer(815301076,1909f56bfc062723c751e8b465ee728b) [PhysX] Initialized MultithreadedTaskDispatcher with 32 workers.
 -> (artifact id: '23467aee0806ee76e6a408dd5eeae876') in 0.005678 seconds
Number of updated asset objects reloaded before import = 0
Number of asset objects unloaded after import = 3
========================================================================
Received Import Request.
  Time since last request: 0.000016 seconds.
  path: Assets/3rdParty/ElvGames/Fantasy Dreamland/Tilesets/Village/Tiles/FD_Village_500.asset
  artifactKey: Guid(7b9baa637fab69f47b24769149bd5189) Importer(815301076,1909f56bfc062723c751e8b465ee728b)
Start importing Assets/3rdParty/ElvGames/Fantasy Dreamland/Tilesets/Village/Tiles/FD_Village_500.asset using Guid(7b9baa637fab69f47b24769149bd5189) Importer(815301076,1909f56bfc062723c751e8b465ee728b) [PhysX] Initialized MultithreadedTaskDispatcher with 32 workers.
 -> (artifact id: '93deb44d34e21d813be430ba08790867') in 0.004402 seconds
Number of updated asset objects reloaded before import = 0
Number of asset objects unloaded after import = 3
========================================================================
Received Import Request.
  Time since last request: 0.000011 seconds.
  path: Assets/3rdParty/ElvGames/Fantasy Dreamland Reborn/Winter Village/Tiles/FDR_Winter_Village_770.asset
  artifactKey: Guid(88c03490bd9f164499e092a71fbf8e27) Importer(815301076,1909f56bfc062723c751e8b465ee728b)
Start importing Assets/3rdParty/ElvGames/Fantasy Dreamland Reborn/Winter Village/Tiles/FDR_Winter_Village_770.asset using Guid(88c03490bd9f164499e092a71fbf8e27) Importer(815301076,1909f56bfc062723c751e8b465ee728b) [PhysX] Initialized MultithreadedTaskDispatcher with 32 workers.
 -> (artifact id: 'd814e92a5f6050f768ccd95dfdcd75ba') in 0.005651 seconds
Number of updated asset objects reloaded before import = 0
Number of asset objects unloaded after import = 3
========================================================================
Received Import Request.
  Time since last request: 0.000022 seconds.
  path: Assets/3rdParty/ElvGames/Fantasy Dreamland Reborn/Winter Village/Tiles/FDR_Winter_Village_831.asset
  artifactKey: Guid(1ec45c813ac701e408a82f9985c8a761) Importer(815301076,1909f56bfc062723c751e8b465ee728b)
Start importing Assets/3rdParty/ElvGames/Fantasy Dreamland Reborn/Winter Village/Tiles/FDR_Winter_Village_831.asset using Guid(1ec45c813ac701e408a82f9985c8a761) Importer(815301076,1909f56bfc062723c751e8b465ee728b) [PhysX] Initialized MultithreadedTaskDispatcher with 32 workers.
 -> (artifact id: 'cad4cd8301588c057e9db2f83c506a17') in 0.004891 seconds
Number of updated asset objects reloaded before import = 0
Number of asset objects unloaded after import = 3
========================================================================
Received Import Request.
  Time since last request: 0.000018 seconds.
  path: Assets/3rdParty/ElvGames/Fantasy Dreamland Reborn/Winter Village/Tiles/FDR_Winter_Village_528.asset
  artifactKey: Guid(c98d8a1995fd641438ff55b9c0c61b07) Importer(815301076,1909f56bfc062723c751e8b465ee728b)
Start importing Assets/3rdParty/ElvGames/Fantasy Dreamland Reborn/Winter Village/Tiles/FDR_Winter_Village_528.asset using Guid(c98d8a1995fd641438ff55b9c0c61b07) Importer(815301076,1909f56bfc062723c751e8b465ee728b) [PhysX] Initialized MultithreadedTaskDispatcher with 32 workers.
 -> (artifact id: 'd7452f677041b7c1ad76df907ed6e82c') in 0.004876 seconds
Number of updated asset objects reloaded before import = 0
Number of asset objects unloaded after import = 3
========================================================================
Received Import Request.
  Time since last request: 0.000015 seconds.
  path: Assets/3rdParty/ElvGames/Fantasy Dreamland Reborn/Village/Tiles/FDR_Village_267.asset
  artifactKey: Guid(c69553b96ca5ae446be5f9253250840a) Importer(815301076,1909f56bfc062723c751e8b465ee728b)
Start importing Assets/3rdParty/ElvGames/Fantasy Dreamland Reborn/Village/Tiles/FDR_Village_267.asset using Guid(c69553b96ca5ae446be5f9253250840a) Importer(815301076,1909f56bfc062723c751e8b465ee728b) [PhysX] Initialized MultithreadedTaskDispatcher with 32 workers.
 -> (artifact id: '5d296724a36c545b11abbeb20b6d7548') in 0.004327 seconds
Number of updated asset objects reloaded before import = 0
Number of asset objects unloaded after import = 3
========================================================================
Received Import Request.
  Time since last request: 0.000013 seconds.
  path: Assets/3rdParty/ElvGames/Fantasy Dreamland Reborn/Village/Tiles/FDR_Village_260.asset
  artifactKey: Guid(c1bdb08fdb9c2c24d8a0a0bc05cd6a70) Importer(815301076,1909f56bfc062723c751e8b465ee728b)
Start importing Assets/3rdParty/ElvGames/Fantasy Dreamland Reborn/Village/Tiles/FDR_Village_260.asset using Guid(c1bdb08fdb9c2c24d8a0a0bc05cd6a70) Importer(815301076,1909f56bfc062723c751e8b465ee728b) [PhysX] Initialized MultithreadedTaskDispatcher with 32 workers.
 -> (artifact id: '527650d541a4ea0a3042561e5dc9c1cd') in 0.004235 seconds
Number of updated asset objects reloaded before import = 0
Number of asset objects unloaded after import = 3
========================================================================
Received Import Request.
  Time since last request: 0.000020 seconds.
  path: Assets/3rdParty/ElvGames/Fantasy Dreamland/Tilesets/Village/Tiles/FD_Village_625.asset
  artifactKey: Guid(6faa045fb80e28440969239dc189e0d1) Importer(815301076,1909f56bfc062723c751e8b465ee728b)
Start importing Assets/3rdParty/ElvGames/Fantasy Dreamland/Tilesets/Village/Tiles/FD_Village_625.asset using Guid(6faa045fb80e28440969239dc189e0d1) Importer(815301076,1909f56bfc062723c751e8b465ee728b) [PhysX] Initialized MultithreadedTaskDispatcher with 32 workers.
 -> (artifact id: '53ab24f89a686ab1a811400d502ff503') in 0.007525 seconds
Number of updated asset objects reloaded before import = 0
Number of asset objects unloaded after import = 3
========================================================================
Received Import Request.
  Time since last request: 0.000016 seconds.
  path: Assets/3rdParty/ElvGames/Fantasy Dreamland/Tilesets/Village/Tiles/FD_Village_82.asset
  artifactKey: Guid(09a710484278b0a4590e2ac6979983c7) Importer(815301076,1909f56bfc062723c751e8b465ee728b)
Start importing Assets/3rdParty/ElvGames/Fantasy Dreamland/Tilesets/Village/Tiles/FD_Village_82.asset using Guid(09a710484278b0a4590e2ac6979983c7) Importer(815301076,1909f56bfc062723c751e8b465ee728b) [PhysX] Initialized MultithreadedTaskDispatcher with 32 workers.
 -> (artifact id: '598d13b3fe9cd1d73dee294c72bfe388') in 0.005891 seconds
Number of updated asset objects reloaded before import = 0
Number of asset objects unloaded after import = 3
========================================================================
Received Import Request.
  Time since last request: 0.000015 seconds.
  path: Assets/3rdParty/ElvGames/Fantasy Dreamland/Tilesets/Winter Village/Tiles/FD_Winter_Village_860.asset
  artifactKey: Guid(be9c721edee222244bf46bb58251ffdb) Importer(815301076,1909f56bfc062723c751e8b465ee728b)
Start importing Assets/3rdParty/ElvGames/Fantasy Dreamland/Tilesets/Winter Village/Tiles/FD_Winter_Village_860.asset using Guid(be9c721edee222244bf46bb58251ffdb) Importer(815301076,1909f56bfc062723c751e8b465ee728b) [PhysX] Initialized MultithreadedTaskDispatcher with 32 workers.
 -> (artifact id: '31adb82a0e731b6621c53f6840cb4834') in 0.006440 seconds
Number of updated asset objects reloaded before import = 0
Number of asset objects unloaded after import = 3
========================================================================
Received Import Request.
  Time since last request: 0.000016 seconds.
  path: Assets/3rdParty/ElvGames/Fantasy Dreamland Reborn/Winter Village/Tiles/FDR_Winter_Village_15.asset
  artifactKey: Guid(f371527d3ce8586419d9c2a8c432ab6d) Importer(815301076,1909f56bfc062723c751e8b465ee728b)
Start importing Assets/3rdParty/ElvGames/Fantasy Dreamland Reborn/Winter Village/Tiles/FDR_Winter_Village_15.asset using Guid(f371527d3ce8586419d9c2a8c432ab6d) Importer(815301076,1909f56bfc062723c751e8b465ee728b) [PhysX] Initialized MultithreadedTaskDispatcher with 32 workers.
 -> (artifact id: 'f27ebdb1304198c0f889e3ffd53e0a02') in 0.006777 seconds
Number of updated asset objects reloaded before import = 0
Number of asset objects unloaded after import = 3
========================================================================
Received Import Request.
  Time since last request: 0.000022 seconds.
  path: Assets/3rdParty/ElvGames/Fantasy Dreamland/Tilesets/Village/Tiles/FD_Village_39.asset
  artifactKey: Guid(dd34a237679b36f4898b6ab20839cec8) Importer(815301076,1909f56bfc062723c751e8b465ee728b)
Start importing Assets/3rdParty/ElvGames/Fantasy Dreamland/Tilesets/Village/Tiles/FD_Village_39.asset using Guid(dd34a237679b36f4898b6ab20839cec8) Importer(815301076,1909f56bfc062723c751e8b465ee728b) [PhysX] Initialized MultithreadedTaskDispatcher with 32 workers.
 -> (artifact id: '3efdcc19748042decbde25c2fa5e53c8') in 0.003607 seconds
Number of updated asset objects reloaded before import = 0
Number of asset objects unloaded after import = 3
========================================================================
Received Import Request.
  Time since last request: 0.000023 seconds.
  path: Assets/3rdParty/ElvGames/Fantasy Dreamland/Tilesets/Village/Tiles/FD_Village_937.asset
  artifactKey: Guid(52e5c847c4d028c428c2e2f15f92cb2f) Importer(815301076,1909f56bfc062723c751e8b465ee728b)
Start importing Assets/3rdParty/ElvGames/Fantasy Dreamland/Tilesets/Village/Tiles/FD_Village_937.asset using Guid(52e5c847c4d028c428c2e2f15f92cb2f) Importer(815301076,1909f56bfc062723c751e8b465ee728b) [PhysX] Initialized MultithreadedTaskDispatcher with 32 workers.
 -> (artifact id: 'a094e8a034d8405020585be0de419466') in 0.004932 seconds
Number of updated asset objects reloaded before import = 0
Number of asset objects unloaded after import = 3
========================================================================
Received Import Request.
  Time since last request: 0.000016 seconds.
  path: Assets/3rdParty/ElvGames/Fantasy Dreamland/Tilesets/Village/Tiles/FD_Village_83.asset
  artifactKey: Guid(eadf24e2857d29d44a0c6c354b43765b) Importer(815301076,1909f56bfc062723c751e8b465ee728b)
Start importing Assets/3rdParty/ElvGames/Fantasy Dreamland/Tilesets/Village/Tiles/FD_Village_83.asset using Guid(eadf24e2857d29d44a0c6c354b43765b) Importer(815301076,1909f56bfc062723c751e8b465ee728b) [PhysX] Initialized MultithreadedTaskDispatcher with 32 workers.
 -> (artifact id: '0fd8280789503042bdd33f12b3052ac8') in 0.004741 seconds
Number of updated asset objects reloaded before import = 0
Number of asset objects unloaded after import = 3
========================================================================
Received Import Request.
  Time since last request: 0.000013 seconds.
  path: Assets/3rdParty/ElvGames/Fantasy Dreamland/Tilesets/Village/Tiles/FD_Village_841.asset
  artifactKey: Guid(a6cb75854bae6374eac879315b6f594b) Importer(815301076,1909f56bfc062723c751e8b465ee728b)
Start importing Assets/3rdParty/ElvGames/Fantasy Dreamland/Tilesets/Village/Tiles/FD_Village_841.asset using Guid(a6cb75854bae6374eac879315b6f594b) Importer(815301076,1909f56bfc062723c751e8b465ee728b) [PhysX] Initialized MultithreadedTaskDispatcher with 32 workers.
 -> (artifact id: 'b5008e9b46e028c74e200b41afbc5b3b') in 0.004023 seconds
Number of updated asset objects reloaded before import = 0
Number of asset objects unloaded after import = 3
========================================================================
Received Import Request.
  Time since last request: 0.000019 seconds.
  path: Assets/3rdParty/ElvGames/Fantasy Dreamland/Tilesets/Village/Tiles/FD_Village_57.asset
  artifactKey: Guid(38561ba67a4878d4caf2e29361696836) Importer(815301076,1909f56bfc062723c751e8b465ee728b)
Start importing Assets/3rdParty/ElvGames/Fantasy Dreamland/Tilesets/Village/Tiles/FD_Village_57.asset using Guid(38561ba67a4878d4caf2e29361696836) Importer(815301076,1909f56bfc062723c751e8b465ee728b) [PhysX] Initialized MultithreadedTaskDispatcher with 32 workers.
 -> (artifact id: '06d90ba05f6ff32d6d8ad67b580f241e') in 0.005902 seconds
Number of updated asset objects reloaded before import = 0
Number of asset objects unloaded after import = 3
========================================================================
Received Import Request.
  Time since last request: 0.000021 seconds.
  path: Assets/3rdParty/ElvGames/Fantasy Dreamland Reborn/Winter Village/Tiles/FDR_Winter_Village_826.asset
  artifactKey: Guid(ef3298ec46828284784e78bf53c32ae7) Importer(815301076,1909f56bfc062723c751e8b465ee728b)
Start importing Assets/3rdParty/ElvGames/Fantasy Dreamland Reborn/Winter Village/Tiles/FDR_Winter_Village_826.asset using Guid(ef3298ec46828284784e78bf53c32ae7) Importer(815301076,1909f56bfc062723c751e8b465ee728b) [PhysX] Initialized MultithreadedTaskDispatcher with 32 workers.
 -> (artifact id: '585c076567f6c73068988497d02ec1e3') in 0.005479 seconds
Number of updated asset objects reloaded before import = 0
Number of asset objects unloaded after import = 3
========================================================================
Received Import Request.
  Time since last request: 0.000021 seconds.
  path: Assets/3rdParty/ElvGames/Fantasy Dreamland/Tilesets/Winter Village/Tiles/FD_Winter_Village_470.asset
  artifactKey: Guid(b1693d68c24ec924b90fbb0607fea5b2) Importer(815301076,1909f56bfc062723c751e8b465ee728b)
Start importing Assets/3rdParty/ElvGames/Fantasy Dreamland/Tilesets/Winter Village/Tiles/FD_Winter_Village_470.asset using Guid(b1693d68c24ec924b90fbb0607fea5b2) Importer(815301076,1909f56bfc062723c751e8b465ee728b) [PhysX] Initialized MultithreadedTaskDispatcher with 32 workers.
 -> (artifact id: '630b3bc9eb5fce00f750df5c4501fd57') in 0.005351 seconds
Number of updated asset objects reloaded before import = 0
Number of asset objects unloaded after import = 3
========================================================================
Received Import Request.
  Time since last request: 0.000015 seconds.
  path: Assets/3rdParty/ElvGames/Fantasy Dreamland/Tilesets/Caves/Animations/Caves_Ani 9.asset
  artifactKey: Guid(f359b074d947da94b9bfd2f2f53ab1fb) Importer(815301076,1909f56bfc062723c751e8b465ee728b)
Start importing Assets/3rdParty/ElvGames/Fantasy Dreamland/Tilesets/Caves/Animations/Caves_Ani 9.asset using Guid(f359b074d947da94b9bfd2f2f53ab1fb) Importer(815301076,1909f56bfc062723c751e8b465ee728b) [PhysX] Initialized MultithreadedTaskDispatcher with 32 workers.
 -> (artifact id: 'bea6e40fd813a13030805d12da39b494') in 0.001047 seconds
Number of updated asset objects reloaded before import = 0
Number of asset objects unloaded after import = 4
========================================================================
Received Import Request.
  Time since last request: 0.000012 seconds.
  path: Assets/3rdParty/ElvGames/Fantasy Dreamland Reborn/Village/Tiles/FDR_Village_657.asset
  artifactKey: Guid(adc965b0604726c4c9aa4d9f88a1292c) Importer(815301076,1909f56bfc062723c751e8b465ee728b)
Start importing Assets/3rdParty/ElvGames/Fantasy Dreamland Reborn/Village/Tiles/FDR_Village_657.asset using Guid(adc965b0604726c4c9aa4d9f88a1292c) Importer(815301076,1909f56bfc062723c751e8b465ee728b) [PhysX] Initialized MultithreadedTaskDispatcher with 32 workers.
 -> (artifact id: 'fd9452a85e18ec3c92fcbaf0f8a1d2b5') in 0.005583 seconds
Number of updated asset objects reloaded before import = 0
Number of asset objects unloaded after import = 3
========================================================================
Received Import Request.
  Time since last request: 0.000015 seconds.
  path: Assets/3rdParty/ElvGames/Fantasy Dreamland Reborn/Village/Tiles/FDR_Village_341.asset
  artifactKey: Guid(f3ba1cfbf553eac44b3c08d8c58a2ef9) Importer(815301076,1909f56bfc062723c751e8b465ee728b)
Start importing Assets/3rdParty/ElvGames/Fantasy Dreamland Reborn/Village/Tiles/FDR_Village_341.asset using Guid(f3ba1cfbf553eac44b3c08d8c58a2ef9) Importer(815301076,1909f56bfc062723c751e8b465ee728b) [PhysX] Initialized MultithreadedTaskDispatcher with 32 workers.
 -> (artifact id: '849bef202898ebd1ddd8bc045cc4ef07') in 0.004044 seconds
Number of updated asset objects reloaded before import = 0
Number of asset objects unloaded after import = 3
========================================================================
Received Import Request.
  Time since last request: 0.000030 seconds.
  path: Assets/3rdParty/ElvGames/Fantasy Dreamland Reborn/Village/Tiles/FDR_Village_659.asset
  artifactKey: Guid(908c654838ab82b468f949479a81c16d) Importer(815301076,1909f56bfc062723c751e8b465ee728b)
Start importing Assets/3rdParty/ElvGames/Fantasy Dreamland Reborn/Village/Tiles/FDR_Village_659.asset using Guid(908c654838ab82b468f949479a81c16d) Importer(815301076,1909f56bfc062723c751e8b465ee728b) [PhysX] Initialized MultithreadedTaskDispatcher with 32 workers.
 -> (artifact id: '8d29bad67a9cc007cfd50d51f64099fb') in 0.005741 seconds
Number of updated asset objects reloaded before import = 0
Number of asset objects unloaded after import = 3
========================================================================
Received Import Request.
  Time since last request: 0.000025 seconds.
  path: Assets/3rdParty/ElvGames/Fantasy Dreamland Reborn/Village/Tiles/FDR_Village_103.asset
  artifactKey: Guid(75eef27f300aafb4c9dedab66ea156b5) Importer(815301076,1909f56bfc062723c751e8b465ee728b)
Start importing Assets/3rdParty/ElvGames/Fantasy Dreamland Reborn/Village/Tiles/FDR_Village_103.asset using Guid(75eef27f300aafb4c9dedab66ea156b5) Importer(815301076,1909f56bfc062723c751e8b465ee728b) [PhysX] Initialized MultithreadedTaskDispatcher with 32 workers.
 -> (artifact id: '8ade420634728296d6c2fe1c9fabfdc2') in 0.005494 seconds
Number of updated asset objects reloaded before import = 0
Number of asset objects unloaded after import = 3
========================================================================
Received Import Request.
  Time since last request: 0.000048 seconds.
  path: Assets/3rdParty/ElvGames/Fantasy Dreamland/Tilesets/Village/Tiles/FD_Village_844.asset
  artifactKey: Guid(f7dcb9c6f359153478bb72c2f2e3a512) Importer(815301076,1909f56bfc062723c751e8b465ee728b)
Start importing Assets/3rdParty/ElvGames/Fantasy Dreamland/Tilesets/Village/Tiles/FD_Village_844.asset using Guid(f7dcb9c6f359153478bb72c2f2e3a512) Importer(815301076,1909f56bfc062723c751e8b465ee728b) [PhysX] Initialized MultithreadedTaskDispatcher with 32 workers.
 -> (artifact id: 'ebc3f1ef1875adea2b6f413c803677f8') in 0.005966 seconds
Number of updated asset objects reloaded before import = 0
Number of asset objects unloaded after import = 3
========================================================================
Received Import Request.
  Time since last request: 0.000025 seconds.
  path: Assets/3rdParty/ElvGames/Fantasy Dreamland Reborn/Winter Village/Tiles/FDR_Winter_Village_229.asset
  artifactKey: Guid(a5a51c1aef03c71478f5b592e2af8e26) Importer(815301076,1909f56bfc062723c751e8b465ee728b)
Start importing Assets/3rdParty/ElvGames/Fantasy Dreamland Reborn/Winter Village/Tiles/FDR_Winter_Village_229.asset using Guid(a5a51c1aef03c71478f5b592e2af8e26) Importer(815301076,1909f56bfc062723c751e8b465ee728b) [PhysX] Initialized MultithreadedTaskDispatcher with 32 workers.
 -> (artifact id: '1eca758b6bb7f292c59638735b295996') in 0.004735 seconds
Number of updated asset objects reloaded before import = 0
Number of asset objects unloaded after import = 3
========================================================================
Received Import Request.
  Time since last request: 0.000017 seconds.
  path: Assets/3rdParty/ElvGames/Fantasy Dreamland/Tilesets/Village/Tiles/FD_Village_23.asset
  artifactKey: Guid(edc6fb92e00eb0345bfc94c80e818171) Importer(815301076,1909f56bfc062723c751e8b465ee728b)
Start importing Assets/3rdParty/ElvGames/Fantasy Dreamland/Tilesets/Village/Tiles/FD_Village_23.asset using Guid(edc6fb92e00eb0345bfc94c80e818171) Importer(815301076,1909f56bfc062723c751e8b465ee728b) [PhysX] Initialized MultithreadedTaskDispatcher with 32 workers.
 -> (artifact id: 'ad8d2d121b171bcb007c8153f83affad') in 0.005160 seconds
Number of updated asset objects reloaded before import = 0
Number of asset objects unloaded after import = 3
========================================================================
Received Import Request.
  Time since last request: 0.000014 seconds.
  path: Assets/3rdParty/ElvGames/Fantasy Dreamland Reborn/Winter Village/Tiles/FDR_Winter_Village_37.asset
  artifactKey: Guid(90f767bca808682438322c0cf6792a8b) Importer(815301076,1909f56bfc062723c751e8b465ee728b)
Start importing Assets/3rdParty/ElvGames/Fantasy Dreamland Reborn/Winter Village/Tiles/FDR_Winter_Village_37.asset using Guid(90f767bca808682438322c0cf6792a8b) Importer(815301076,1909f56bfc062723c751e8b465ee728b) [PhysX] Initialized MultithreadedTaskDispatcher with 32 workers.
 -> (artifact id: 'ff73b1211aac0b57cc05a26c1175f46e') in 0.004095 seconds
Number of updated asset objects reloaded before import = 0
Number of asset objects unloaded after import = 3
========================================================================
Received Import Request.
  Time since last request: 0.000014 seconds.
  path: Assets/3rdParty/ElvGames/Fantasy Dreamland/Tilesets/Village/Tiles/FD_Village_942.asset
  artifactKey: Guid(ee9dd0e2a9a5bb448b1a9bd2f90a8dcc) Importer(815301076,1909f56bfc062723c751e8b465ee728b)
Start importing Assets/3rdParty/ElvGames/Fantasy Dreamland/Tilesets/Village/Tiles/FD_Village_942.asset using Guid(ee9dd0e2a9a5bb448b1a9bd2f90a8dcc) Importer(815301076,1909f56bfc062723c751e8b465ee728b) [PhysX] Initialized MultithreadedTaskDispatcher with 32 workers.
 -> (artifact id: '5bf491d1149dfc355c3871e13c84eadc') in 0.004790 seconds
Number of updated asset objects reloaded before import = 0
Number of asset objects unloaded after import = 3
========================================================================
Received Import Request.
  Time since last request: 0.000039 seconds.
  path: Assets/3rdParty/ElvGames/Fantasy Dreamland/Tilesets/Village/Tiles/FD_Village_18.asset
  artifactKey: Guid(b3cf2cfff597da14d8b6503a0a8ddb19) Importer(815301076,1909f56bfc062723c751e8b465ee728b)
Start importing Assets/3rdParty/ElvGames/Fantasy Dreamland/Tilesets/Village/Tiles/FD_Village_18.asset using Guid(b3cf2cfff597da14d8b6503a0a8ddb19) Importer(815301076,1909f56bfc062723c751e8b465ee728b) [PhysX] Initialized MultithreadedTaskDispatcher with 32 workers.
 -> (artifact id: 'df9ce1c1ab890b614a72c6e2b31587d6') in 0.006228 seconds
Number of updated asset objects reloaded before import = 0
Number of asset objects unloaded after import = 3
========================================================================
Received Import Request.
  Time since last request: 0.000017 seconds.
  path: Assets/3rdParty/ElvGames/Fantasy Dreamland/Tilesets/Village/Tiles/FD_Village_840.asset
  artifactKey: Guid(90a577cc39f19b340b1e725388f3474d) Importer(815301076,1909f56bfc062723c751e8b465ee728b)
Start importing Assets/3rdParty/ElvGames/Fantasy Dreamland/Tilesets/Village/Tiles/FD_Village_840.asset using Guid(90a577cc39f19b340b1e725388f3474d) Importer(815301076,1909f56bfc062723c751e8b465ee728b) [PhysX] Initialized MultithreadedTaskDispatcher with 32 workers.
 -> (artifact id: '5d39cdbb16ee1f8df290aeb509c46371') in 0.005491 seconds
Number of updated asset objects reloaded before import = 0
Number of asset objects unloaded after import = 3
========================================================================
Received Import Request.
  Time since last request: 0.000021 seconds.
  path: Assets/3rdParty/ElvGames/Fantasy Dreamland/Tilesets/Village/Tiles/FD_Village_92.asset
  artifactKey: Guid(67050f44fa93c3a40bbb372c129e612e) Importer(815301076,1909f56bfc062723c751e8b465ee728b)
Start importing Assets/3rdParty/ElvGames/Fantasy Dreamland/Tilesets/Village/Tiles/FD_Village_92.asset using Guid(67050f44fa93c3a40bbb372c129e612e) Importer(815301076,1909f56bfc062723c751e8b465ee728b) [PhysX] Initialized MultithreadedTaskDispatcher with 32 workers.
 -> (artifact id: '372b9cafbe2e69bbf298f57cfcf00ddd') in 0.004387 seconds
Number of updated asset objects reloaded before import = 0
Number of asset objects unloaded after import = 3
========================================================================
Received Import Request.
  Time since last request: 0.000013 seconds.
  path: Assets/3rdParty/ElvGames/Fantasy Dreamland/Tilesets/Caves/Animations/Caves_Ani 8.asset
  artifactKey: Guid(0560a1ace78d57d4a830a53f33aa9eda) Importer(815301076,1909f56bfc062723c751e8b465ee728b)
Start importing Assets/3rdParty/ElvGames/Fantasy Dreamland/Tilesets/Caves/Animations/Caves_Ani 8.asset using Guid(0560a1ace78d57d4a830a53f33aa9eda) Importer(815301076,1909f56bfc062723c751e8b465ee728b) [PhysX] Initialized MultithreadedTaskDispatcher with 32 workers.
 -> (artifact id: 'bb23a213479473da73e947f8f193b2d5') in 0.001259 seconds
Number of updated asset objects reloaded before import = 0
Number of asset objects unloaded after import = 5
========================================================================
Received Import Request.
  Time since last request: 0.000012 seconds.
  path: Assets/3rdParty/ElvGames/Fantasy Dreamland Reborn/Village/Tiles/FDR_Village_345.asset
  artifactKey: Guid(3668e50c811051b49a43d58bbb702499) Importer(815301076,1909f56bfc062723c751e8b465ee728b)
Start importing Assets/3rdParty/ElvGames/Fantasy Dreamland Reborn/Village/Tiles/FDR_Village_345.asset using Guid(3668e50c811051b49a43d58bbb702499) Importer(815301076,1909f56bfc062723c751e8b465ee728b) [PhysX] Initialized MultithreadedTaskDispatcher with 32 workers.
 -> (artifact id: 'f1ac91fdc5d29f1a62a3def7db2e70c2') in 0.004295 seconds
Number of updated asset objects reloaded before import = 0
Number of asset objects unloaded after import = 3
========================================================================
Received Import Request.
  Time since last request: 0.000032 seconds.
  path: Assets/3rdParty/ElvGames/Fantasy Dreamland/Tilesets/Village/Tiles/FD_Village_934.asset
  artifactKey: Guid(095a1a39f216a2843b615ffad920c07e) Importer(815301076,1909f56bfc062723c751e8b465ee728b)
Start importing Assets/3rdParty/ElvGames/Fantasy Dreamland/Tilesets/Village/Tiles/FD_Village_934.asset using Guid(095a1a39f216a2843b615ffad920c07e) Importer(815301076,1909f56bfc062723c751e8b465ee728b) [PhysX] Initialized MultithreadedTaskDispatcher with 32 workers.
 -> (artifact id: 'f51ce0173e05646fff03169d949987dd') in 0.004739 seconds
Number of updated asset objects reloaded before import = 0
Number of asset objects unloaded after import = 3
========================================================================
Received Import Request.
  Time since last request: 0.000015 seconds.
  path: Assets/3rdParty/ElvGames/Fantasy Dreamland Reborn/Village/Tiles/FDR_Village_91.asset
  artifactKey: Guid(65fc47369b064f44190c2f99b0dbe853) Importer(815301076,1909f56bfc062723c751e8b465ee728b)
Start importing Assets/3rdParty/ElvGames/Fantasy Dreamland Reborn/Village/Tiles/FDR_Village_91.asset using Guid(65fc47369b064f44190c2f99b0dbe853) Importer(815301076,1909f56bfc062723c751e8b465ee728b) [PhysX] Initialized MultithreadedTaskDispatcher with 32 workers.
 -> (artifact id: '8cb5e0799243b82764ac05f638c32965') in 0.005801 seconds
Number of updated asset objects reloaded before import = 0
Number of asset objects unloaded after import = 3
========================================================================
Received Import Request.
  Time since last request: 0.000031 seconds.
  path: Assets/3rdParty/ElvGames/Fantasy Dreamland Reborn/Winter Village/Tiles/FDR_Winter_Village_232.asset
  artifactKey: Guid(c4b3c6f5a30152f46ad9e0f0d86a9e8a) Importer(815301076,1909f56bfc062723c751e8b465ee728b)
Start importing Assets/3rdParty/ElvGames/Fantasy Dreamland Reborn/Winter Village/Tiles/FDR_Winter_Village_232.asset using Guid(c4b3c6f5a30152f46ad9e0f0d86a9e8a) Importer(815301076,1909f56bfc062723c751e8b465ee728b) [PhysX] Initialized MultithreadedTaskDispatcher with 32 workers.
 -> (artifact id: 'd70a7525fe59f084433253114433ffcc') in 0.006689 seconds
Number of updated asset objects reloaded before import = 0
Number of asset objects unloaded after import = 3
========================================================================
Received Import Request.
  Time since last request: 0.000040 seconds.
  path: Assets/3rdParty/ElvGames/Fantasy Dreamland/Tilesets/Winter Village/Tiles/FD_Winter_Village_474.asset
  artifactKey: Guid(b2f06296e00aead48937f599a418f98a) Importer(815301076,1909f56bfc062723c751e8b465ee728b)
Start importing Assets/3rdParty/ElvGames/Fantasy Dreamland/Tilesets/Winter Village/Tiles/FD_Winter_Village_474.asset using Guid(b2f06296e00aead48937f599a418f98a) Importer(815301076,1909f56bfc062723c751e8b465ee728b) [PhysX] Initialized MultithreadedTaskDispatcher with 32 workers.
 -> (artifact id: '8b68ea3007bdbf6b959aa3ee85b8d367') in 0.007065 seconds
Number of updated asset objects reloaded before import = 0
Number of asset objects unloaded after import = 3
========================================================================
Received Import Request.
  Time since last request: 0.000015 seconds.
  path: Assets/3rdParty/ElvGames/Fantasy Dreamland/Tilesets/Winter Village/Tiles/FD_Winter_Village_870.asset
  artifactKey: Guid(254ccb1c9f78ccf4c9586183b33c1f98) Importer(815301076,1909f56bfc062723c751e8b465ee728b)
Start importing Assets/3rdParty/ElvGames/Fantasy Dreamland/Tilesets/Winter Village/Tiles/FD_Winter_Village_870.asset using Guid(254ccb1c9f78ccf4c9586183b33c1f98) Importer(815301076,1909f56bfc062723c751e8b465ee728b) [PhysX] Initialized MultithreadedTaskDispatcher with 32 workers.
 -> (artifact id: '2875a5862b9d1efca11b5de6b3e91575') in 0.005645 seconds
Number of updated asset objects reloaded before import = 0
Number of asset objects unloaded after import = 3
========================================================================
Received Import Request.
  Time since last request: 0.000027 seconds.
  path: Assets/3rdParty/ElvGames/Fantasy Dreamland/Tilesets/Village/Tiles/FD_Village_601.asset
  artifactKey: Guid(679269a5f0233e84bb429c50a68727e3) Importer(815301076,1909f56bfc062723c751e8b465ee728b)
Start importing Assets/3rdParty/ElvGames/Fantasy Dreamland/Tilesets/Village/Tiles/FD_Village_601.asset using Guid(679269a5f0233e84bb429c50a68727e3) Importer(815301076,1909f56bfc062723c751e8b465ee728b) [PhysX] Initialized MultithreadedTaskDispatcher with 32 workers.
 -> (artifact id: '027fe47b328b9400e5583b507e186be8') in 0.004604 seconds
Number of updated asset objects reloaded before import = 0
Number of asset objects unloaded after import = 3
========================================================================
Received Import Request.
  Time since last request: 0.000016 seconds.
  path: Assets/3rdParty/ElvGames/Fantasy Dreamland Reborn/Winter Village/Tiles/FDR_Winter_Village_764.asset
  artifactKey: Guid(130f38b9a5e893645a4097542cec5ff8) Importer(815301076,1909f56bfc062723c751e8b465ee728b)
Start importing Assets/3rdParty/ElvGames/Fantasy Dreamland Reborn/Winter Village/Tiles/FDR_Winter_Village_764.asset using Guid(130f38b9a5e893645a4097542cec5ff8) Importer(815301076,1909f56bfc062723c751e8b465ee728b) [PhysX] Initialized MultithreadedTaskDispatcher with 32 workers.
 -> (artifact id: '53387c9f619f18a4649ab518aefa7661') in 0.004978 seconds
Number of updated asset objects reloaded before import = 0
Number of asset objects unloaded after import = 3
========================================================================
Received Import Request.
  Time since last request: 0.000023 seconds.
  path: Assets/3rdParty/ElvGames/Fantasy Dreamland/Tilesets/Village/Tiles/FD_Village_59.asset
  artifactKey: Guid(f9fedd39c66187846b72e463c0986836) Importer(815301076,1909f56bfc062723c751e8b465ee728b)
Start importing Assets/3rdParty/ElvGames/Fantasy Dreamland/Tilesets/Village/Tiles/FD_Village_59.asset using Guid(f9fedd39c66187846b72e463c0986836) Importer(815301076,1909f56bfc062723c751e8b465ee728b) [PhysX] Initialized MultithreadedTaskDispatcher with 32 workers.
 -> (artifact id: '313881c6ec63491ba2363850fed2a3d7') in 0.004936 seconds
Number of updated asset objects reloaded before import = 0
Number of asset objects unloaded after import = 3
========================================================================
Received Import Request.
  Time since last request: 0.000025 seconds.
  path: Assets/3rdParty/ElvGames/Fantasy Dreamland/Tilesets/Village/Tiles/FD_Village_54.asset
  artifactKey: Guid(1da94729181fc7d46b2324943a2cc66a) Importer(815301076,1909f56bfc062723c751e8b465ee728b)
Start importing Assets/3rdParty/ElvGames/Fantasy Dreamland/Tilesets/Village/Tiles/FD_Village_54.asset using Guid(1da94729181fc7d46b2324943a2cc66a) Importer(815301076,1909f56bfc062723c751e8b465ee728b) [PhysX] Initialized MultithreadedTaskDispatcher with 32 workers.
 -> (artifact id: 'ac8e13fc33bc0b93eac76529ba744218') in 0.004761 seconds
Number of updated asset objects reloaded before import = 0
Number of asset objects unloaded after import = 3
========================================================================
Received Import Request.
  Time since last request: 0.000023 seconds.
  path: Assets/3rdParty/ElvGames/Fantasy Dreamland/Tilesets/Caves/Animations/Caves_Ani 3.asset
  artifactKey: Guid(730c68afb4399b7409cc87ba3843d6f9) Importer(815301076,1909f56bfc062723c751e8b465ee728b)
Start importing Assets/3rdParty/ElvGames/Fantasy Dreamland/Tilesets/Caves/Animations/Caves_Ani 3.asset using Guid(730c68afb4399b7409cc87ba3843d6f9) Importer(815301076,1909f56bfc062723c751e8b465ee728b) [PhysX] Initialized MultithreadedTaskDispatcher with 32 workers.
 -> (artifact id: 'cf338c54bfcc8c29f15a917e10a3b198') in 0.001258 seconds
Number of updated asset objects reloaded before import = 0
Number of asset objects unloaded after import = 5
========================================================================
Received Import Request.
  Time since last request: 0.000011 seconds.
  path: Assets/3rdParty/ElvGames/Fantasy Dreamland Reborn/Winter Village/Tiles/FDR_Winter_Village_49.asset
  artifactKey: Guid(1d828272515d13a4f99ed02e66e26147) Importer(815301076,1909f56bfc062723c751e8b465ee728b)
Start importing Assets/3rdParty/ElvGames/Fantasy Dreamland Reborn/Winter Village/Tiles/FDR_Winter_Village_49.asset using Guid(1d828272515d13a4f99ed02e66e26147) Importer(815301076,1909f56bfc062723c751e8b465ee728b) [PhysX] Initialized MultithreadedTaskDispatcher with 32 workers.
 -> (artifact id: '58f3720d1947a27e3341dbf7776f1432') in 0.003910 seconds
Number of updated asset objects reloaded before import = 0
Number of asset objects unloaded after import = 3
========================================================================
Received Import Request.
  Time since last request: 0.000019 seconds.
  path: Assets/3rdParty/ElvGames/Fantasy Dreamland/Tilesets/Winter Village/Tiles/FD_Winter_Village_874.asset
  artifactKey: Guid(f34e6762526f95b44a2676f831be15ef) Importer(815301076,1909f56bfc062723c751e8b465ee728b)
Start importing Assets/3rdParty/ElvGames/Fantasy Dreamland/Tilesets/Winter Village/Tiles/FD_Winter_Village_874.asset using Guid(f34e6762526f95b44a2676f831be15ef) Importer(815301076,1909f56bfc062723c751e8b465ee728b) [PhysX] Initialized MultithreadedTaskDispatcher with 32 workers.
 -> (artifact id: '27bbbc7918d3ef37a29ac04c599a726f') in 0.005690 seconds
Number of updated asset objects reloaded before import = 0
Number of asset objects unloaded after import = 3
========================================================================
Received Import Request.
  Time since last request: 0.000014 seconds.
  path: Assets/3rdParty/ElvGames/Fantasy Dreamland Reborn/Winter Village/Tiles/FDR_Winter_Village_529.asset
  artifactKey: Guid(6cdc97013df51374bb651632bba5668c) Importer(815301076,1909f56bfc062723c751e8b465ee728b)
Start importing Assets/3rdParty/ElvGames/Fantasy Dreamland Reborn/Winter Village/Tiles/FDR_Winter_Village_529.asset using Guid(6cdc97013df51374bb651632bba5668c) Importer(815301076,1909f56bfc062723c751e8b465ee728b) [PhysX] Initialized MultithreadedTaskDispatcher with 32 workers.
 -> (artifact id: '528c3ac03eb5894f6404959da9f22056') in 0.006394 seconds
Number of updated asset objects reloaded before import = 0
Number of asset objects unloaded after import = 3
========================================================================
Received Import Request.
  Time since last request: 0.000013 seconds.
  path: Assets/3rdParty/ElvGames/Fantasy Dreamland Reborn/Winter Village/Tiles/FDR_Winter_Village_505.asset
  artifactKey: Guid(11e4584262107924781f747a289829b6) Importer(815301076,1909f56bfc062723c751e8b465ee728b)
Start importing Assets/3rdParty/ElvGames/Fantasy Dreamland Reborn/Winter Village/Tiles/FDR_Winter_Village_505.asset using Guid(11e4584262107924781f747a289829b6) Importer(815301076,1909f56bfc062723c751e8b465ee728b) [PhysX] Initialized MultithreadedTaskDispatcher with 32 workers.
 -> (artifact id: '46e2dc894f5745d441d0a49a5f995fae') in 0.004455 seconds
Number of updated asset objects reloaded before import = 0
Number of asset objects unloaded after import = 3
========================================================================
Received Import Request.
  Time since last request: 0.000015 seconds.
  path: Assets/3rdParty/ElvGames/Fantasy Dreamland/Tilesets/Village/Tiles/FD_Village_515.asset
  artifactKey: Guid(b85221ee57483e241a6a5af1a23fb67f) Importer(815301076,1909f56bfc062723c751e8b465ee728b)
Start importing Assets/3rdParty/ElvGames/Fantasy Dreamland/Tilesets/Village/Tiles/FD_Village_515.asset using Guid(b85221ee57483e241a6a5af1a23fb67f) Importer(815301076,1909f56bfc062723c751e8b465ee728b) [PhysX] Initialized MultithreadedTaskDispatcher with 32 workers.
 -> (artifact id: 'dde1cfdcedbd7b1cdf5651ff839696cc') in 0.005509 seconds
Number of updated asset objects reloaded before import = 0
Number of asset objects unloaded after import = 3
========================================================================
Received Import Request.
  Time since last request: 0.000012 seconds.
  path: Assets/3rdParty/ElvGames/Fantasy Dreamland Reborn/Village/Tiles/FDR_Village_336.asset
  artifactKey: Guid(c6ec967af569e6340a3968fa6d0aa828) Importer(815301076,1909f56bfc062723c751e8b465ee728b)
Start importing Assets/3rdParty/ElvGames/Fantasy Dreamland Reborn/Village/Tiles/FDR_Village_336.asset using Guid(c6ec967af569e6340a3968fa6d0aa828) Importer(815301076,1909f56bfc062723c751e8b465ee728b) [PhysX] Initialized MultithreadedTaskDispatcher with 32 workers.
 -> (artifact id: '008166dc198328e6b7fe13efb395af3c') in 0.004439 seconds
Number of updated asset objects reloaded before import = 0
Number of asset objects unloaded after import = 3
========================================================================
Received Import Request.
  Time since last request: 0.000023 seconds.
  path: Assets/3rdParty/ElvGames/Fantasy Dreamland Reborn/Village/Tiles/FDR_Village_335.asset
  artifactKey: Guid(4cf56f3c0aeaea14e9fabc64832018bc) Importer(815301076,1909f56bfc062723c751e8b465ee728b)
Start importing Assets/3rdParty/ElvGames/Fantasy Dreamland Reborn/Village/Tiles/FDR_Village_335.asset using Guid(4cf56f3c0aeaea14e9fabc64832018bc) Importer(815301076,1909f56bfc062723c751e8b465ee728b) [PhysX] Initialized MultithreadedTaskDispatcher with 32 workers.
 -> (artifact id: '3fa3136b0ba6ffefe0366d4b939304a8') in 0.006300 seconds
Number of updated asset objects reloaded before import = 0
Number of asset objects unloaded after import = 3
========================================================================
Received Import Request.
  Time since last request: 0.000016 seconds.
  path: Assets/3rdParty/ElvGames/Fantasy Dreamland Reborn/Winter Village/Tiles/FDR_Winter_Village_511.asset
  artifactKey: Guid(e9798f7103bc1224787f1af178c18e92) Importer(815301076,1909f56bfc062723c751e8b465ee728b)
Start importing Assets/3rdParty/ElvGames/Fantasy Dreamland Reborn/Winter Village/Tiles/FDR_Winter_Village_511.asset using Guid(e9798f7103bc1224787f1af178c18e92) Importer(815301076,1909f56bfc062723c751e8b465ee728b) [PhysX] Initialized MultithreadedTaskDispatcher with 32 workers.
 -> (artifact id: 'ff28a851c5de57005010e11d8bce286a') in 0.005223 seconds
Number of updated asset objects reloaded before import = 0
Number of asset objects unloaded after import = 3
========================================================================
Received Import Request.
  Time since last request: 0.000017 seconds.
  path: Assets/3rdParty/ElvGames/Fantasy Dreamland/Tilesets/Winter Village/Tiles/FD_Winter_Village_861.asset
  artifactKey: Guid(7348e27f09ca53349a65d86b4b99f0e1) Importer(815301076,1909f56bfc062723c751e8b465ee728b)
Start importing Assets/3rdParty/ElvGames/Fantasy Dreamland/Tilesets/Winter Village/Tiles/FD_Winter_Village_861.asset using Guid(7348e27f09ca53349a65d86b4b99f0e1) Importer(815301076,1909f56bfc062723c751e8b465ee728b) [PhysX] Initialized MultithreadedTaskDispatcher with 32 workers.
 -> (artifact id: '84d756dd8eff75a8b8ed2be2a16ec555') in 0.004290 seconds
Number of updated asset objects reloaded before import = 0
Number of asset objects unloaded after import = 3
========================================================================
Received Import Request.
  Time since last request: 0.000011 seconds.
  path: Assets/3rdParty/ElvGames/Fantasy Dreamland/Tilesets/Village/Tiles/FD_Village_67.asset
  artifactKey: Guid(72215a740fe77344d86609c0d80a5ccf) Importer(815301076,1909f56bfc062723c751e8b465ee728b)
Start importing Assets/3rdParty/ElvGames/Fantasy Dreamland/Tilesets/Village/Tiles/FD_Village_67.asset using Guid(72215a740fe77344d86609c0d80a5ccf) Importer(815301076,1909f56bfc062723c751e8b465ee728b) [PhysX] Initialized MultithreadedTaskDispatcher with 32 workers.
 -> (artifact id: 'bae4854d9fde134a1d9541b0c9b8146c') in 0.006890 seconds
Number of updated asset objects reloaded before import = 0
Number of asset objects unloaded after import = 3
========================================================================
Received Import Request.
  Time since last request: 0.000023 seconds.
  path: Assets/3rdParty/ElvGames/Fantasy Dreamland/Tilesets/Village/Tiles/FD_Village_627.asset
  artifactKey: Guid(a6f300b32c799b34b836f5d40a17204a) Importer(815301076,1909f56bfc062723c751e8b465ee728b)
Start importing Assets/3rdParty/ElvGames/Fantasy Dreamland/Tilesets/Village/Tiles/FD_Village_627.asset using Guid(a6f300b32c799b34b836f5d40a17204a) Importer(815301076,1909f56bfc062723c751e8b465ee728b) [PhysX] Initialized MultithreadedTaskDispatcher with 32 workers.
 -> (artifact id: '789e661474b106612d56560e22c53f72') in 0.005559 seconds
Number of updated asset objects reloaded before import = 0
Number of asset objects unloaded after import = 3
========================================================================
Received Import Request.
  Time since last request: 0.000012 seconds.
  path: Assets/3rdParty/ElvGames/Fantasy Dreamland/Tilesets/Winter Village/Tiles/FD_Winter_Village_795.asset
  artifactKey: Guid(8048cd682d93629428f2517bf34f5703) Importer(815301076,1909f56bfc062723c751e8b465ee728b)
Start importing Assets/3rdParty/ElvGames/Fantasy Dreamland/Tilesets/Winter Village/Tiles/FD_Winter_Village_795.asset using Guid(8048cd682d93629428f2517bf34f5703) Importer(815301076,1909f56bfc062723c751e8b465ee728b) [PhysX] Initialized MultithreadedTaskDispatcher with 32 workers.
 -> (artifact id: 'de453ac359442004ae4ad98dcff1a17c') in 0.004449 seconds
Number of updated asset objects reloaded before import = 0
Number of asset objects unloaded after import = 3
========================================================================
Received Import Request.
  Time since last request: 0.000013 seconds.
  path: Assets/3rdParty/ElvGames/Fantasy Dreamland/Tilesets/Village/Tiles/FD_Village_940.asset
  artifactKey: Guid(fb9754532a1bf73498d17f652e20c90e) Importer(815301076,1909f56bfc062723c751e8b465ee728b)
Start importing Assets/3rdParty/ElvGames/Fantasy Dreamland/Tilesets/Village/Tiles/FD_Village_940.asset using Guid(fb9754532a1bf73498d17f652e20c90e) Importer(815301076,1909f56bfc062723c751e8b465ee728b) [PhysX] Initialized MultithreadedTaskDispatcher with 32 workers.
 -> (artifact id: '47a2374d5975982b6b8b910a24673cc0') in 0.005773 seconds
Number of updated asset objects reloaded before import = 0
Number of asset objects unloaded after import = 3
========================================================================
Received Import Request.
  Time since last request: 0.000017 seconds.
  path: Assets/3rdParty/ElvGames/Fantasy Dreamland Reborn/Winter Village/Tiles/FDR_Winter_Village_769.asset
  artifactKey: Guid(abe14d7d367797d4da79599349ce2ea6) Importer(815301076,1909f56bfc062723c751e8b465ee728b)
Start importing Assets/3rdParty/ElvGames/Fantasy Dreamland Reborn/Winter Village/Tiles/FDR_Winter_Village_769.asset using Guid(abe14d7d367797d4da79599349ce2ea6) Importer(815301076,1909f56bfc062723c751e8b465ee728b) [PhysX] Initialized MultithreadedTaskDispatcher with 32 workers.
 -> (artifact id: 'd0d7d746b167d86503f3d086512905e9') in 0.004664 seconds
Number of updated asset objects reloaded before import = 0
Number of asset objects unloaded after import = 3
========================================================================
Received Import Request.
  Time since last request: 0.000014 seconds.
  path: Assets/3rdParty/ElvGames/Fantasy Dreamland/Tilesets/Village/Tiles/FD_Village_970.asset
  artifactKey: Guid(d2b51dfc8c344f443a28660d38bbaa8e) Importer(815301076,1909f56bfc062723c751e8b465ee728b)
Start importing Assets/3rdParty/ElvGames/Fantasy Dreamland/Tilesets/Village/Tiles/FD_Village_970.asset using Guid(d2b51dfc8c344f443a28660d38bbaa8e) Importer(815301076,1909f56bfc062723c751e8b465ee728b) [PhysX] Initialized MultithreadedTaskDispatcher with 32 workers.
 -> (artifact id: '93c3a1760a660a6ff088d21b060183a7') in 0.004510 seconds
Number of updated asset objects reloaded before import = 0
Number of asset objects unloaded after import = 3
========================================================================
Received Import Request.
  Time since last request: 0.000015 seconds.
  path: Assets/3rdParty/ElvGames/Fantasy Dreamland/Tilesets/Village/Tiles/FD_Village_839.asset
  artifactKey: Guid(06c8fc3b2303bc94e8d7bf83ee458935) Importer(815301076,1909f56bfc062723c751e8b465ee728b)
Start importing Assets/3rdParty/ElvGames/Fantasy Dreamland/Tilesets/Village/Tiles/FD_Village_839.asset using Guid(06c8fc3b2303bc94e8d7bf83ee458935) Importer(815301076,1909f56bfc062723c751e8b465ee728b) [PhysX] Initialized MultithreadedTaskDispatcher with 32 workers.
 -> (artifact id: 'ddcc79c16d7a85c54cbb873cd946a273') in 0.005995 seconds
Number of updated asset objects reloaded before import = 0
Number of asset objects unloaded after import = 3
========================================================================
Received Import Request.
  Time since last request: 0.000014 seconds.
  path: Assets/3rdParty/ElvGames/Fantasy Dreamland/Tilesets/Village/Tiles/FD_Village_931.asset
  artifactKey: Guid(97233deefc25c0649a3a87ad7f4c1004) Importer(815301076,1909f56bfc062723c751e8b465ee728b)
Start importing Assets/3rdParty/ElvGames/Fantasy Dreamland/Tilesets/Village/Tiles/FD_Village_931.asset using Guid(97233deefc25c0649a3a87ad7f4c1004) Importer(815301076,1909f56bfc062723c751e8b465ee728b) [PhysX] Initialized MultithreadedTaskDispatcher with 32 workers.
 -> (artifact id: '56b0a6843522e0291510fa2b26ecd70d') in 0.004907 seconds
Number of updated asset objects reloaded before import = 0
Number of asset objects unloaded after import = 3
========================================================================
Received Import Request.
  Time since last request: 0.000016 seconds.
  path: Assets/3rdParty/ElvGames/Fantasy Dreamland Reborn/Village/Tiles/FDR_Village_343.asset
  artifactKey: Guid(ff33304dbee5495489063801a0ebe914) Importer(815301076,1909f56bfc062723c751e8b465ee728b)
Start importing Assets/3rdParty/ElvGames/Fantasy Dreamland Reborn/Village/Tiles/FDR_Village_343.asset using Guid(ff33304dbee5495489063801a0ebe914) Importer(815301076,1909f56bfc062723c751e8b465ee728b) [PhysX] Initialized MultithreadedTaskDispatcher with 32 workers.
 -> (artifact id: 'e57785b24a7830e669a03e51227812dc') in 0.004869 seconds
Number of updated asset objects reloaded before import = 0
Number of asset objects unloaded after import = 3
========================================================================
Received Import Request.
  Time since last request: 0.000011 seconds.
  path: Assets/3rdParty/ElvGames/Fantasy Dreamland Reborn/Winter Village/Tiles/FDR_Winter_Village_835.asset
  artifactKey: Guid(7ef5ac91a9a5e71439acc77a30996558) Importer(815301076,1909f56bfc062723c751e8b465ee728b)
Start importing Assets/3rdParty/ElvGames/Fantasy Dreamland Reborn/Winter Village/Tiles/FDR_Winter_Village_835.asset using Guid(7ef5ac91a9a5e71439acc77a30996558) Importer(815301076,1909f56bfc062723c751e8b465ee728b) [PhysX] Initialized MultithreadedTaskDispatcher with 32 workers.
 -> (artifact id: 'ad3cc9ba0b73d792a748acca1ed62adf') in 0.003373 seconds
Number of updated asset objects reloaded before import = 0
Number of asset objects unloaded after import = 3
========================================================================
Received Import Request.
  Time since last request: 0.000018 seconds.
  path: Assets/3rdParty/ElvGames/Fantasy Dreamland/Tilesets/Winter Village/Tiles/FD_Winter_Village_226.asset
  artifactKey: Guid(b3f5ec677627a4949b7d4e23afd0ed84) Importer(815301076,1909f56bfc062723c751e8b465ee728b)
Start importing Assets/3rdParty/ElvGames/Fantasy Dreamland/Tilesets/Winter Village/Tiles/FD_Winter_Village_226.asset using Guid(b3f5ec677627a4949b7d4e23afd0ed84) Importer(815301076,1909f56bfc062723c751e8b465ee728b) [PhysX] Initialized MultithreadedTaskDispatcher with 32 workers.
 -> (artifact id: '8d86d3324de44c9bc988b8b9a80dcc10') in 0.004383 seconds
Number of updated asset objects reloaded before import = 0
Number of asset objects unloaded after import = 3
========================================================================
Received Import Request.
  Time since last request: 0.000014 seconds.
  path: Assets/3rdParty/ElvGames/Fantasy Dreamland Reborn/Winter Village/Tiles/FDR_Winter_Village_830.asset
  artifactKey: Guid(d506bb096abbe9845b68ec062997bac8) Importer(815301076,1909f56bfc062723c751e8b465ee728b)
Start importing Assets/3rdParty/ElvGames/Fantasy Dreamland Reborn/Winter Village/Tiles/FDR_Winter_Village_830.asset using Guid(d506bb096abbe9845b68ec062997bac8) Importer(815301076,1909f56bfc062723c751e8b465ee728b) [PhysX] Initialized MultithreadedTaskDispatcher with 32 workers.
 -> (artifact id: '0c1cf917ed7c5f125ffa24142c6c7287') in 0.005268 seconds
Number of updated asset objects reloaded before import = 0
Number of asset objects unloaded after import = 3
========================================================================
Received Import Request.
  Time since last request: 0.000014 seconds.
  path: Assets/3rdParty/ElvGames/Fantasy Dreamland/Tilesets/Village/Tiles/FD_Village_512.asset
  artifactKey: Guid(a180c78f67aed654eb56800b764992db) Importer(815301076,1909f56bfc062723c751e8b465ee728b)
Start importing Assets/3rdParty/ElvGames/Fantasy Dreamland/Tilesets/Village/Tiles/FD_Village_512.asset using Guid(a180c78f67aed654eb56800b764992db) Importer(815301076,1909f56bfc062723c751e8b465ee728b) [PhysX] Initialized MultithreadedTaskDispatcher with 32 workers.
 -> (artifact id: '4dcc7983f44cbfad0d5225c3347e3867') in 0.005255 seconds
Number of updated asset objects reloaded before import = 0
Number of asset objects unloaded after import = 3
========================================================================
Received Import Request.
  Time since last request: 0.000047 seconds.
  path: Assets/3rdParty/ElvGames/Fantasy Dreamland/Tilesets/Village/Tiles/FD_Village_980.asset
  artifactKey: Guid(022fca4e5c5e5bc4aadc249a47a54587) Importer(815301076,1909f56bfc062723c751e8b465ee728b)
Start importing Assets/3rdParty/ElvGames/Fantasy Dreamland/Tilesets/Village/Tiles/FD_Village_980.asset using Guid(022fca4e5c5e5bc4aadc249a47a54587) Importer(815301076,1909f56bfc062723c751e8b465ee728b) [PhysX] Initialized MultithreadedTaskDispatcher with 32 workers.
 -> (artifact id: 'bd90bcd7798d68828f3955da9358bd8e') in 0.006894 seconds
Number of updated asset objects reloaded before import = 0
Number of asset objects unloaded after import = 3
========================================================================
Received Import Request.
  Time since last request: 0.000012 seconds.
  path: Assets/3rdParty/ElvGames/Fantasy Dreamland/Tilesets/Winter Village/Tiles/FD_Winter_Village_790.asset
  artifactKey: Guid(d678e1ad76f3f034a9d4fd375c21f32f) Importer(815301076,1909f56bfc062723c751e8b465ee728b)
Start importing Assets/3rdParty/ElvGames/Fantasy Dreamland/Tilesets/Winter Village/Tiles/FD_Winter_Village_790.asset using Guid(d678e1ad76f3f034a9d4fd375c21f32f) Importer(815301076,1909f56bfc062723c751e8b465ee728b) [PhysX] Initialized MultithreadedTaskDispatcher with 32 workers.
 -> (artifact id: '6b1ebc687050220b7f194c6bd51e1f8e') in 0.007457 seconds
Number of updated asset objects reloaded before import = 0
Number of asset objects unloaded after import = 3
========================================================================
Received Import Request.
  Time since last request: 0.000041 seconds.
  path: Assets/3rdParty/ElvGames/Fantasy Dreamland Reborn/Winter Village/Tiles/FDR_Winter_Village_767.asset
  artifactKey: Guid(10cd09596e4130d48bd828b17c1e938e) Importer(815301076,1909f56bfc062723c751e8b465ee728b)
Start importing Assets/3rdParty/ElvGames/Fantasy Dreamland Reborn/Winter Village/Tiles/FDR_Winter_Village_767.asset using Guid(10cd09596e4130d48bd828b17c1e938e) Importer(815301076,1909f56bfc062723c751e8b465ee728b) [PhysX] Initialized MultithreadedTaskDispatcher with 32 workers.
 -> (artifact id: '9900e1a92cefd6924e6678a1ede0c8d7') in 0.004122 seconds
Number of updated asset objects reloaded before import = 0
Number of asset objects unloaded after import = 3
========================================================================
Received Import Request.
  Time since last request: 0.000015 seconds.
  path: Assets/3rdParty/ElvGames/Fantasy Dreamland Reborn/Winter Village/Tiles/FDR_Winter_Village_771.asset
  artifactKey: Guid(c0d9e56837e12094cbb7bcfac7b59496) Importer(815301076,1909f56bfc062723c751e8b465ee728b)
Start importing Assets/3rdParty/ElvGames/Fantasy Dreamland Reborn/Winter Village/Tiles/FDR_Winter_Village_771.asset using Guid(c0d9e56837e12094cbb7bcfac7b59496) Importer(815301076,1909f56bfc062723c751e8b465ee728b) [PhysX] Initialized MultithreadedTaskDispatcher with 32 workers.
 -> (artifact id: '1794e319471bdbecc9bc3bfe7f163a58') in 0.004087 seconds
Number of updated asset objects reloaded before import = 0
Number of asset objects unloaded after import = 3
========================================================================
Received Import Request.
  Time since last request: 0.000025 seconds.
  path: Assets/3rdParty/ElvGames/Fantasy Dreamland/Tilesets/Winter Village/Tiles/FD_Winter_Village_783.asset
  artifactKey: Guid(7fdd87aa343b63d4c892047602038c34) Importer(815301076,1909f56bfc062723c751e8b465ee728b)
Start importing Assets/3rdParty/ElvGames/Fantasy Dreamland/Tilesets/Winter Village/Tiles/FD_Winter_Village_783.asset using Guid(7fdd87aa343b63d4c892047602038c34) Importer(815301076,1909f56bfc062723c751e8b465ee728b) [PhysX] Initialized MultithreadedTaskDispatcher with 32 workers.
 -> (artifact id: 'ae60c92237a60c6bea68317a411880c7') in 0.005430 seconds
Number of updated asset objects reloaded before import = 0
Number of asset objects unloaded after import = 3
========================================================================
Received Import Request.
  Time since last request: 0.000017 seconds.
  path: Assets/3rdParty/ElvGames/Fantasy Dreamland Reborn/Winter Village/Tiles/FDR_Winter_Village_218.asset
  artifactKey: Guid(858621888d1e62a4f81ca5ff6f3a2c40) Importer(815301076,1909f56bfc062723c751e8b465ee728b)
Start importing Assets/3rdParty/ElvGames/Fantasy Dreamland Reborn/Winter Village/Tiles/FDR_Winter_Village_218.asset using Guid(858621888d1e62a4f81ca5ff6f3a2c40) Importer(815301076,1909f56bfc062723c751e8b465ee728b) [PhysX] Initialized MultithreadedTaskDispatcher with 32 workers.
 -> (artifact id: 'b778297b5a0e414b991a96158504c167') in 0.004365 seconds
Number of updated asset objects reloaded before import = 0
Number of asset objects unloaded after import = 3
========================================================================
Received Import Request.
  Time since last request: 0.000037 seconds.
  path: Assets/3rdParty/ElvGames/Fantasy Dreamland/Tilesets/Winter Village/Tiles/FD_Winter_Village_802.asset
  artifactKey: Guid(71d12e2b32ed1814fa41919c53b6866a) Importer(815301076,1909f56bfc062723c751e8b465ee728b)
Start importing Assets/3rdParty/ElvGames/Fantasy Dreamland/Tilesets/Winter Village/Tiles/FD_Winter_Village_802.asset using Guid(71d12e2b32ed1814fa41919c53b6866a) Importer(815301076,1909f56bfc062723c751e8b465ee728b) [PhysX] Initialized MultithreadedTaskDispatcher with 32 workers.
 -> (artifact id: '13895b6292cf13142892a12b18de01ca') in 0.005623 seconds
Number of updated asset objects reloaded before import = 0
Number of asset objects unloaded after import = 3
========================================================================
Received Import Request.
  Time since last request: 0.000024 seconds.
  path: Assets/3rdParty/ElvGames/Fantasy Dreamland Reborn/Winter Village/Tiles/FDR_Winter_Village_775.asset
  artifactKey: Guid(46f06c03679a26945aa42a76a208b105) Importer(815301076,1909f56bfc062723c751e8b465ee728b)
Start importing Assets/3rdParty/ElvGames/Fantasy Dreamland Reborn/Winter Village/Tiles/FDR_Winter_Village_775.asset using Guid(46f06c03679a26945aa42a76a208b105) Importer(815301076,1909f56bfc062723c751e8b465ee728b) [PhysX] Initialized MultithreadedTaskDispatcher with 32 workers.
 -> (artifact id: 'bb14b9854671abe3d5807a961a5f6eb2') in 0.004086 seconds
Number of updated asset objects reloaded before import = 0
Number of asset objects unloaded after import = 3
========================================================================
Received Import Request.
  Time since last request: 0.000013 seconds.
  path: Assets/3rdParty/ElvGames/Fantasy Dreamland Reborn/Winter Village/Tiles/FDR_Winter_Village_38.asset
  artifactKey: Guid(df4c5e05042a8864dbe5040433b4ca1b) Importer(815301076,1909f56bfc062723c751e8b465ee728b)
Start importing Assets/3rdParty/ElvGames/Fantasy Dreamland Reborn/Winter Village/Tiles/FDR_Winter_Village_38.asset using Guid(df4c5e05042a8864dbe5040433b4ca1b) Importer(815301076,1909f56bfc062723c751e8b465ee728b) [PhysX] Initialized MultithreadedTaskDispatcher with 32 workers.
 -> (artifact id: '208995b0aad89147724745bc9616688a') in 0.005171 seconds
Number of updated asset objects reloaded before import = 0
Number of asset objects unloaded after import = 3
========================================================================
Received Import Request.
  Time since last request: 0.000014 seconds.
  path: Assets/3rdParty/ElvGames/Fantasy Dreamland/Tilesets/Village/Tiles/FD_Village_591.asset
  artifactKey: Guid(b3e09a0fd78317849bffc543a99f46f1) Importer(815301076,1909f56bfc062723c751e8b465ee728b)
Start importing Assets/3rdParty/ElvGames/Fantasy Dreamland/Tilesets/Village/Tiles/FD_Village_591.asset using Guid(b3e09a0fd78317849bffc543a99f46f1) Importer(815301076,1909f56bfc062723c751e8b465ee728b) [PhysX] Initialized MultithreadedTaskDispatcher with 32 workers.
 -> (artifact id: '080bf9b776ec69baff7c2eb1b108da0b') in 0.004354 seconds
Number of updated asset objects reloaded before import = 0
Number of asset objects unloaded after import = 3
========================================================================
Received Import Request.
  Time since last request: 0.000024 seconds.
  path: Assets/3rdParty/ElvGames/Fantasy Dreamland Reborn/Winter Village/Tiles/FDR_Winter_Village_216.asset
  artifactKey: Guid(c091c6a0754fd3648afea3f15ca34928) Importer(815301076,1909f56bfc062723c751e8b465ee728b)
Start importing Assets/3rdParty/ElvGames/Fantasy Dreamland Reborn/Winter Village/Tiles/FDR_Winter_Village_216.asset using Guid(c091c6a0754fd3648afea3f15ca34928) Importer(815301076,1909f56bfc062723c751e8b465ee728b) [PhysX] Initialized MultithreadedTaskDispatcher with 32 workers.
 -> (artifact id: '2a4ee471a17f3d6da4c6ea964f71ac78') in 0.004432 seconds
Number of updated asset objects reloaded before import = 0
Number of asset objects unloaded after import = 3
========================================================================
Received Import Request.
  Time since last request: 0.000014 seconds.
  path: Assets/3rdParty/ElvGames/Fantasy Dreamland Reborn/Winter Village/Tiles/FDR_Winter_Village_783.asset
  artifactKey: Guid(2fab94d5a395fc349ab17502fbd4f592) Importer(815301076,1909f56bfc062723c751e8b465ee728b)
Start importing Assets/3rdParty/ElvGames/Fantasy Dreamland Reborn/Winter Village/Tiles/FDR_Winter_Village_783.asset using Guid(2fab94d5a395fc349ab17502fbd4f592) Importer(815301076,1909f56bfc062723c751e8b465ee728b) [PhysX] Initialized MultithreadedTaskDispatcher with 32 workers.
 -> (artifact id: 'c6edcaecc87cc0cf014ca647f2fe1203') in 0.005208 seconds
Number of updated asset objects reloaded before import = 0
Number of asset objects unloaded after import = 3
========================================================================
Received Import Request.
  Time since last request: 0.000016 seconds.
  path: Assets/3rdParty/ElvGames/Fantasy Dreamland/Tilesets/Village/Tiles/FD_Village_13.asset
  artifactKey: Guid(daf93c207ba19dc4b8194e57c1357627) Importer(815301076,1909f56bfc062723c751e8b465ee728b)
Start importing Assets/3rdParty/ElvGames/Fantasy Dreamland/Tilesets/Village/Tiles/FD_Village_13.asset using Guid(daf93c207ba19dc4b8194e57c1357627) Importer(815301076,1909f56bfc062723c751e8b465ee728b) [PhysX] Initialized MultithreadedTaskDispatcher with 32 workers.
 -> (artifact id: '2065c531ff9718c24d891eacccf7ad03') in 0.004685 seconds
Number of updated asset objects reloaded before import = 0
Number of asset objects unloaded after import = 3
========================================================================
Received Import Request.
  Time since last request: 0.000010 seconds.
  path: Assets/3rdParty/ElvGames/Fantasy Dreamland/Tilesets/Caves/Animations/Caves_Ani 5.asset
  artifactKey: Guid(253e8c69daae4cb4bbf11b04221391e5) Importer(815301076,1909f56bfc062723c751e8b465ee728b)
Start importing Assets/3rdParty/ElvGames/Fantasy Dreamland/Tilesets/Caves/Animations/Caves_Ani 5.asset using Guid(253e8c69daae4cb4bbf11b04221391e5) Importer(815301076,1909f56bfc062723c751e8b465ee728b) [PhysX] Initialized MultithreadedTaskDispatcher with 32 workers.
 -> (artifact id: 'da51b2a8ac6bcaad6ae46cfe026729b6') in 0.001441 seconds
Number of updated asset objects reloaded before import = 0
Number of asset objects unloaded after import = 5
========================================================================
Received Import Request.
  Time since last request: 0.000012 seconds.
  path: Assets/3rdParty/ElvGames/Fantasy Dreamland/Tilesets/Village/Tiles/FD_Village_87.asset
  artifactKey: Guid(dd8cd6bc5dd1b294d8cb41ca269eb0c1) Importer(815301076,1909f56bfc062723c751e8b465ee728b)
Start importing Assets/3rdParty/ElvGames/Fantasy Dreamland/Tilesets/Village/Tiles/FD_Village_87.asset using Guid(dd8cd6bc5dd1b294d8cb41ca269eb0c1) Importer(815301076,1909f56bfc062723c751e8b465ee728b) [PhysX] Initialized MultithreadedTaskDispatcher with 32 workers.
 -> (artifact id: 'ab9735f9428b325d216423ec8536d376') in 0.004662 seconds
Number of updated asset objects reloaded before import = 0
Number of asset objects unloaded after import = 3
========================================================================
Received Import Request.
  Time since last request: 0.000012 seconds.
  path: Assets/3rdParty/ElvGames/Fantasy Dreamland/Tilesets/Village/Tiles/FD_Village_35.asset
  artifactKey: Guid(d9f258608e872474cbd4d15cf7f00e23) Importer(815301076,1909f56bfc062723c751e8b465ee728b)
Start importing Assets/3rdParty/ElvGames/Fantasy Dreamland/Tilesets/Village/Tiles/FD_Village_35.asset using Guid(d9f258608e872474cbd4d15cf7f00e23) Importer(815301076,1909f56bfc062723c751e8b465ee728b) [PhysX] Initialized MultithreadedTaskDispatcher with 32 workers.
 -> (artifact id: '0b2438d8517ef82c0087e21595567bb5') in 0.004824 seconds
Number of updated asset objects reloaded before import = 0
Number of asset objects unloaded after import = 3
========================================================================
Received Import Request.
  Time since last request: 0.000013 seconds.
  path: Assets/3rdParty/ElvGames/Fantasy Dreamland Reborn/Winter Village/Tiles/FDR_Winter_Village_778.asset
  artifactKey: Guid(782cfe221365d044db4ecfa19503c9a9) Importer(815301076,1909f56bfc062723c751e8b465ee728b)
Start importing Assets/3rdParty/ElvGames/Fantasy Dreamland Reborn/Winter Village/Tiles/FDR_Winter_Village_778.asset using Guid(782cfe221365d044db4ecfa19503c9a9) Importer(815301076,1909f56bfc062723c751e8b465ee728b) [PhysX] Initialized MultithreadedTaskDispatcher with 32 workers.
 -> (artifact id: '757eb0b4157a0da9556015571af9e099') in 0.005221 seconds
Number of updated asset objects reloaded before import = 0
Number of asset objects unloaded after import = 3
========================================================================
Received Import Request.
  Time since last request: 0.000013 seconds.
  path: Assets/3rdParty/ElvGames/Fantasy Dreamland Reborn/Winter Village/Tiles/FDR_Winter_Village_7.asset
  artifactKey: Guid(b66d49cb83cfeae45bc36a635194fff5) Importer(815301076,1909f56bfc062723c751e8b465ee728b)
Start importing Assets/3rdParty/ElvGames/Fantasy Dreamland Reborn/Winter Village/Tiles/FDR_Winter_Village_7.asset using Guid(b66d49cb83cfeae45bc36a635194fff5) Importer(815301076,1909f56bfc062723c751e8b465ee728b) [PhysX] Initialized MultithreadedTaskDispatcher with 32 workers.
 -> (artifact id: 'e4f139df8a9df16889bea94b190d4d65') in 0.005315 seconds
Number of updated asset objects reloaded before import = 0
Number of asset objects unloaded after import = 3
========================================================================
Received Import Request.
  Time since last request: 0.000030 seconds.
  path: Assets/3rdParty/ElvGames/Fantasy Dreamland Reborn/Village/Tiles/FDR_Village_97.asset
  artifactKey: Guid(1dcccb66d30bde249b810fca7384b8f9) Importer(815301076,1909f56bfc062723c751e8b465ee728b)
Start importing Assets/3rdParty/ElvGames/Fantasy Dreamland Reborn/Village/Tiles/FDR_Village_97.asset using Guid(1dcccb66d30bde249b810fca7384b8f9) Importer(815301076,1909f56bfc062723c751e8b465ee728b) [PhysX] Initialized MultithreadedTaskDispatcher with 32 workers.
 -> (artifact id: 'bb7f9ebaf9bd692765dc83f1f8d965f3') in 0.005273 seconds
Number of updated asset objects reloaded before import = 0
Number of asset objects unloaded after import = 3
========================================================================
Received Import Request.
  Time since last request: 0.000016 seconds.
  path: Assets/3rdParty/ElvGames/Fantasy Dreamland/Tilesets/Village/Tiles/FD_Village_10.asset
  artifactKey: Guid(a5e5a4b757f4c8b49868ec32b032a2e7) Importer(815301076,1909f56bfc062723c751e8b465ee728b)
Start importing Assets/3rdParty/ElvGames/Fantasy Dreamland/Tilesets/Village/Tiles/FD_Village_10.asset using Guid(a5e5a4b757f4c8b49868ec32b032a2e7) Importer(815301076,1909f56bfc062723c751e8b465ee728b) [PhysX] Initialized MultithreadedTaskDispatcher with 32 workers.
 -> (artifact id: '9e1336ea0e5ef71c157d780ccf2b654e') in 0.006028 seconds
Number of updated asset objects reloaded before import = 0
Number of asset objects unloaded after import = 3
========================================================================
Received Import Request.
  Time since last request: 0.000013 seconds.
  path: Assets/3rdParty/ElvGames/Fantasy Dreamland Reborn/Winter Village/Tiles/FDR_Winter_Village_514.asset
  artifactKey: Guid(be4359d2719d54a4884823d1fbb47874) Importer(815301076,1909f56bfc062723c751e8b465ee728b)
Start importing Assets/3rdParty/ElvGames/Fantasy Dreamland Reborn/Winter Village/Tiles/FDR_Winter_Village_514.asset using Guid(be4359d2719d54a4884823d1fbb47874) Importer(815301076,1909f56bfc062723c751e8b465ee728b) [PhysX] Initialized MultithreadedTaskDispatcher with 32 workers.
 -> (artifact id: '010d46b27dbeacfdac3c940c574846ec') in 0.004499 seconds
Number of updated asset objects reloaded before import = 0
Number of asset objects unloaded after import = 3
========================================================================
Received Import Request.
  Time since last request: 0.000029 seconds.
  path: Assets/3rdParty/ElvGames/Fantasy Dreamland/Tilesets/Village/Tiles/FD_Village_599.asset
  artifactKey: Guid(02e450fecae2170498281667a6056917) Importer(815301076,1909f56bfc062723c751e8b465ee728b)
Start importing Assets/3rdParty/ElvGames/Fantasy Dreamland/Tilesets/Village/Tiles/FD_Village_599.asset using Guid(02e450fecae2170498281667a6056917) Importer(815301076,1909f56bfc062723c751e8b465ee728b) [PhysX] Initialized MultithreadedTaskDispatcher with 32 workers.
 -> (artifact id: '7a9f29a6ad0c9b551637ba71ad3959bf') in 0.005520 seconds
Number of updated asset objects reloaded before import = 0
Number of asset objects unloaded after import = 3
========================================================================
Received Import Request.
  Time since last request: 0.000017 seconds.
  path: Assets/3rdParty/ElvGames/Fantasy Dreamland/Tilesets/Winter Village/Tiles/FD_Winter_Village_793.asset
  artifactKey: Guid(7fc3b7c131b60df4a9060263bb057819) Importer(815301076,1909f56bfc062723c751e8b465ee728b)
Start importing Assets/3rdParty/ElvGames/Fantasy Dreamland/Tilesets/Winter Village/Tiles/FD_Winter_Village_793.asset using Guid(7fc3b7c131b60df4a9060263bb057819) Importer(815301076,1909f56bfc062723c751e8b465ee728b) [PhysX] Initialized MultithreadedTaskDispatcher with 32 workers.
 -> (artifact id: 'ec7c2fec98df58eadd3c5b016a56b377') in 0.005051 seconds
Number of updated asset objects reloaded before import = 0
Number of asset objects unloaded after import = 3
========================================================================
Received Import Request.
  Time since last request: 0.000015 seconds.
  path: Assets/3rdParty/ElvGames/Fantasy Dreamland/Tilesets/Village/Tiles/FD_Village_589.asset
  artifactKey: Guid(f8c32a128aa40424f93694a1f25c8ea8) Importer(815301076,1909f56bfc062723c751e8b465ee728b)
Start importing Assets/3rdParty/ElvGames/Fantasy Dreamland/Tilesets/Village/Tiles/FD_Village_589.asset using Guid(f8c32a128aa40424f93694a1f25c8ea8) Importer(815301076,1909f56bfc062723c751e8b465ee728b) [PhysX] Initialized MultithreadedTaskDispatcher with 32 workers.
 -> (artifact id: '2bea5e3a4873d6150f0e8bf200cfafaa') in 0.004573 seconds
Number of updated asset objects reloaded before import = 0
Number of asset objects unloaded after import = 3
========================================================================
Received Import Request.
  Time since last request: 0.000017 seconds.
  path: Assets/3rdParty/ElvGames/Fantasy Dreamland Reborn/Winter Village/Tiles/FDR_Winter_Village_5.asset
  artifactKey: Guid(0f7f6841c72883944aae6600aa6695ab) Importer(815301076,1909f56bfc062723c751e8b465ee728b)
Start importing Assets/3rdParty/ElvGames/Fantasy Dreamland Reborn/Winter Village/Tiles/FDR_Winter_Village_5.asset using Guid(0f7f6841c72883944aae6600aa6695ab) Importer(815301076,1909f56bfc062723c751e8b465ee728b) [PhysX] Initialized MultithreadedTaskDispatcher with 32 workers.
 -> (artifact id: 'dc6ecc56fba22c5cea5491b6df27d59a') in 0.004360 seconds
Number of updated asset objects reloaded before import = 0
Number of asset objects unloaded after import = 3
========================================================================
Received Import Request.
  Time since last request: 0.000013 seconds.
  path: Assets/3rdParty/ElvGames/Fantasy Dreamland/Tilesets/Winter Village/Tiles/FD_Winter_Village_488.asset
  artifactKey: Guid(1928e83d23ad403459f5c0e62b1a9398) Importer(815301076,1909f56bfc062723c751e8b465ee728b)
Start importing Assets/3rdParty/ElvGames/Fantasy Dreamland/Tilesets/Winter Village/Tiles/FD_Winter_Village_488.asset using Guid(1928e83d23ad403459f5c0e62b1a9398) Importer(815301076,1909f56bfc062723c751e8b465ee728b) [PhysX] Initialized MultithreadedTaskDispatcher with 32 workers.
 -> (artifact id: '9524ce6c13fbd960fb0784c774e6cf8f') in 0.004370 seconds
Number of updated asset objects reloaded before import = 0
Number of asset objects unloaded after import = 3
========================================================================
Received Import Request.
  Time since last request: 0.000034 seconds.
  path: Assets/3rdParty/ElvGames/Fantasy Dreamland Reborn/Winter Village/Tiles/FDR_Winter_Village_526.asset
  artifactKey: Guid(3b2e566b77cd44d43806a23383fbb002) Importer(815301076,1909f56bfc062723c751e8b465ee728b)
Start importing Assets/3rdParty/ElvGames/Fantasy Dreamland Reborn/Winter Village/Tiles/FDR_Winter_Village_526.asset using Guid(3b2e566b77cd44d43806a23383fbb002) Importer(815301076,1909f56bfc062723c751e8b465ee728b) [PhysX] Initialized MultithreadedTaskDispatcher with 32 workers.
 -> (artifact id: 'bf6e2dd507f4cc66421c18187b40ecf5') in 0.006056 seconds
Number of updated asset objects reloaded before import = 0
Number of asset objects unloaded after import = 3
========================================================================
Received Import Request.
  Time since last request: 0.000013 seconds.
  path: Assets/3rdParty/ElvGames/Fantasy Dreamland/Tilesets/Village/Tiles/FD_Village_91.asset
  artifactKey: Guid(c579e6c019ef97d43b959fb0de0e907f) Importer(815301076,1909f56bfc062723c751e8b465ee728b)
Start importing Assets/3rdParty/ElvGames/Fantasy Dreamland/Tilesets/Village/Tiles/FD_Village_91.asset using Guid(c579e6c019ef97d43b959fb0de0e907f) Importer(815301076,1909f56bfc062723c751e8b465ee728b) [PhysX] Initialized MultithreadedTaskDispatcher with 32 workers.
 -> (artifact id: 'd81939002430f8bee5d4d977426a6740') in 0.004721 seconds
Number of updated asset objects reloaded before import = 0
Number of asset objects unloaded after import = 3
========================================================================
Received Import Request.
  Time since last request: 0.000019 seconds.
  path: Assets/3rdParty/ElvGames/Fantasy Dreamland Reborn/Winter Village/Tiles/FDR_Winter_Village_42.asset
  artifactKey: Guid(15d37ac067f7ccf48ae2f7a153da9d2f) Importer(815301076,1909f56bfc062723c751e8b465ee728b)
Start importing Assets/3rdParty/ElvGames/Fantasy Dreamland Reborn/Winter Village/Tiles/FDR_Winter_Village_42.asset using Guid(15d37ac067f7ccf48ae2f7a153da9d2f) Importer(815301076,1909f56bfc062723c751e8b465ee728b) [PhysX] Initialized MultithreadedTaskDispatcher with 32 workers.
 -> (artifact id: '027d12ce654cc2a774a77ed2814b95fb') in 0.005108 seconds
Number of updated asset objects reloaded before import = 0
Number of asset objects unloaded after import = 3
========================================================================
Received Import Request.
  Time since last request: 0.000018 seconds.
  path: Assets/3rdParty/Adventure RPG Essentials Music Pack v1.1/WAV/12b Overworld 2.wav
  artifactKey: Guid(c9778a6eb6252ee4c8be329860937e7b) Importer(815301076,1909f56bfc062723c751e8b465ee728b)
Start importing Assets/3rdParty/Adventure RPG Essentials Music Pack v1.1/WAV/12b Overworld 2.wav using Guid(c9778a6eb6252ee4c8be329860937e7b) Importer(815301076,1909f56bfc062723c751e8b465ee728b) [PhysX] Initialized MultithreadedTaskDispatcher with 32 workers.
[PhysX] Initialized MultithreadedTaskDispatcher with 32 workers.
 -> (artifact id: '81b3ed62304152326271997a15800d1d') in 0.006747 seconds
Number of updated asset objects reloaded before import = 0
Number of asset objects unloaded after import = 2
========================================================================
Received Import Request.
  Time since last request: 0.000022 seconds.
  path: Assets/3rdParty/ElvGames/Fantasy Dreamland/Tilesets/Winter Village/Tiles/FD_Winter_Village_476.asset
  artifactKey: Guid(762a01de612553d44b4b5be7243c8c18) Importer(815301076,1909f56bfc062723c751e8b465ee728b)
Start importing Assets/3rdParty/ElvGames/Fantasy Dreamland/Tilesets/Winter Village/Tiles/FD_Winter_Village_476.asset using Guid(762a01de612553d44b4b5be7243c8c18) Importer(815301076,1909f56bfc062723c751e8b465ee728b) [PhysX] Initialized MultithreadedTaskDispatcher with 32 workers.
 -> (artifact id: 'eec848675d09bce01eaf2450f2dab9fe') in 0.006038 seconds
Number of updated asset objects reloaded before import = 0
Number of asset objects unloaded after import = 3
========================================================================
Received Prepare
Shader 'MoreMountains/MMRipple': fallback shader 'Particle/AlphaBlended' not found
Refreshing native plugins compatible for Editor in 7.49 ms, found 5 plugins.
Preloading 0 native plugins for Editor in 0.00 ms.
Unloading 15 Unused Serialized files (Serialized files now loaded: 0)
Unloading 16 unused Assets / (2.1 MB). Loaded Objects now: 7226.
Memory consumption went from 219.5 MB to 217.4 MB.
Total: 22.876000 ms (FindLiveObjects: 2.054000 ms CreateObjectMapping: 4.105600 ms MarkObjects: 14.483900 ms  DeleteObjects: 2.230900 ms)

Prepare: number of updated asset objects reloaded= 0
AssetImportParameters requested are different than current active one (requested -> active):
  custom:container-demuxer-ogg: 62fdf1f143b41e24485cea50d1cbac27 -> 
  custom:framework-win-MediaFoundation: 216162199b28c13a410421893ffa2e32 -> 
  custom:container-muxer-webm: aa71ff27fc2769a1b78a27578f13a17b -> 
  custom:video-decoder-webm-vp8: 9c59270c3fd7afecdb556c50c9e8de78 -> 
  custom:SearchIndexIgnoredProperties: e643bd26f0fe6173181afceb89e7c659 -> 
  custom:AudioImporter_EditorPlatform: d09bf68614088b80899f8185d706f6e7 -> 
  custom:audio-decoder-ogg-vorbis: bf7c407c2cedff20999df2af8eb42d56 -> 
  custom:audio-encoder-webm-vorbis: bf7c407c2cedff20999df2af8eb42d56 -> 
  custom:video-codec-MediaFoundation-h265: 746d11721c4dcdbdad8f713fa42b33f4 -> 
  custom:video-decoder-ogg-theora: a1e56fd34408186e4bbccfd4996cb3dc -> 
  custom:CustomObjectIndexerAttribute: 9a22284fe3817be447336de3de66b15e -> 
  custom:container-demuxer-webm: 4f35f7cbe854078d1ac9338744f61a02 -> 
  custom:video-encoder-webm-vp8: eb34c28f22e8b96e1ab97ce403110664 -> 
========================================================================
Received Import Request.
  Time since last request: 151.782516 seconds.
  path: Assets/3rdParty/ElvGames/Fantasy Dreamland Reborn/Winter Village/Tiles/FDR_Winter_Village_820.asset
  artifactKey: Guid(2ff82c0a859bc164c831f08982b454b2) Importer(815301076,1909f56bfc062723c751e8b465ee728b)
Start importing Assets/3rdParty/ElvGames/Fantasy Dreamland Reborn/Winter Village/Tiles/FDR_Winter_Village_820.asset using Guid(2ff82c0a859bc164c831f08982b454b2) Importer(815301076,1909f56bfc062723c751e8b465ee728b) [PhysX] Initialized MultithreadedTaskDispatcher with 32 workers.
 -> (artifact id: '26fba51000f8af0e56ae0833bfe47d5e') in 0.017960 seconds
Number of updated asset objects reloaded before import = 0
Number of asset objects unloaded after import = 3
========================================================================
Received Import Request.
  Time since last request: 0.000024 seconds.
  path: Assets/3rdParty/ElvGames/Fantasy Dreamland Reborn/Winter Village/Tiles/FDR_Winter_Village_819.asset
  artifactKey: Guid(3a33d7cc6f3dd274c9b3dbe854b8d6af) Importer(815301076,1909f56bfc062723c751e8b465ee728b)
Start importing Assets/3rdParty/ElvGames/Fantasy Dreamland Reborn/Winter Village/Tiles/FDR_Winter_Village_819.asset using Guid(3a33d7cc6f3dd274c9b3dbe854b8d6af) Importer(815301076,1909f56bfc062723c751e8b465ee728b) [PhysX] Initialized MultithreadedTaskDispatcher with 32 workers.
 -> (artifact id: '8007175d81262fb891819116cc015c22') in 0.009858 seconds
Number of updated asset objects reloaded before import = 0
Number of asset objects unloaded after import = 3
========================================================================
Received Import Request.
  Time since last request: 0.000012 seconds.
  path: Assets/3rdParty/ElvGames/Fantasy Dreamland Reborn/Winter Village/Tiles/FDR_Winter_Village_818.asset
  artifactKey: Guid(2821aec1486a3fd4996eda30ef969fd8) Importer(815301076,1909f56bfc062723c751e8b465ee728b)
Start importing Assets/3rdParty/ElvGames/Fantasy Dreamland Reborn/Winter Village/Tiles/FDR_Winter_Village_818.asset using Guid(2821aec1486a3fd4996eda30ef969fd8) Importer(815301076,1909f56bfc062723c751e8b465ee728b) [PhysX] Initialized MultithreadedTaskDispatcher with 32 workers.
 -> (artifact id: '0872aa5ea5683413a59fc4069c803eda') in 0.005573 seconds
Number of updated asset objects reloaded before import = 0
Number of asset objects unloaded after import = 3
========================================================================
Received Import Request.
  Time since last request: 0.185079 seconds.
  path: Assets/3rdParty/ElvGames/Fantasy Dreamland Reborn/Winter Village/Tiles/FDR_Winter_Village_813.asset
  artifactKey: Guid(01b7e610fdbf4074e968ed6af27a404c) Importer(815301076,1909f56bfc062723c751e8b465ee728b)
Start importing Assets/3rdParty/ElvGames/Fantasy Dreamland Reborn/Winter Village/Tiles/FDR_Winter_Village_813.asset using Guid(01b7e610fdbf4074e968ed6af27a404c) Importer(815301076,1909f56bfc062723c751e8b465ee728b) [PhysX] Initialized MultithreadedTaskDispatcher with 32 workers.
 -> (artifact id: 'f07cde0d99b5f6250122f6c3de642658') in 0.003926 seconds
Number of updated asset objects reloaded before import = 0
Number of asset objects unloaded after import = 3
========================================================================
Received Import Request.
  Time since last request: 0.000013 seconds.
  path: Assets/3rdParty/ElvGames/Fantasy Dreamland Reborn/Winter Village/Tiles/FDR_Winter_Village_815.asset
  artifactKey: Guid(fa4680d84e87ef444ac4996704e04c56) Importer(815301076,1909f56bfc062723c751e8b465ee728b)
Start importing Assets/3rdParty/ElvGames/Fantasy Dreamland Reborn/Winter Village/Tiles/FDR_Winter_Village_815.asset using Guid(fa4680d84e87ef444ac4996704e04c56) Importer(815301076,1909f56bfc062723c751e8b465ee728b) [PhysX] Initialized MultithreadedTaskDispatcher with 32 workers.
 -> (artifact id: '0703542561f68a528921a7c11949e832') in 0.004722 seconds
Number of updated asset objects reloaded before import = 0
Number of asset objects unloaded after import = 3
========================================================================
Received Import Request.
  Time since last request: 0.013961 seconds.
  path: Assets/3rdParty/ElvGames/Fantasy Dreamland Reborn/Winter Village/Tiles/FDR_Winter_Village_809.asset
  artifactKey: Guid(7a445ab2597072c4dbc39b8918e9a4c2) Importer(815301076,1909f56bfc062723c751e8b465ee728b)
Start importing Assets/3rdParty/ElvGames/Fantasy Dreamland Reborn/Winter Village/Tiles/FDR_Winter_Village_809.asset using Guid(7a445ab2597072c4dbc39b8918e9a4c2) Importer(815301076,1909f56bfc062723c751e8b465ee728b) [PhysX] Initialized MultithreadedTaskDispatcher with 32 workers.
 -> (artifact id: '44e4d7c5cf9985b27e2608ac7e123388') in 0.005189 seconds
Number of updated asset objects reloaded before import = 0
Number of asset objects unloaded after import = 3
========================================================================
Received Import Request.
  Time since last request: 0.000017 seconds.
  path: Assets/3rdParty/ElvGames/Fantasy Dreamland Reborn/Winter Village/Tiles/FDR_Winter_Village_812.asset
  artifactKey: Guid(01c382ae3b2d87944a8880f3a3a86147) Importer(815301076,1909f56bfc062723c751e8b465ee728b)
Start importing Assets/3rdParty/ElvGames/Fantasy Dreamland Reborn/Winter Village/Tiles/FDR_Winter_Village_812.asset using Guid(01c382ae3b2d87944a8880f3a3a86147) Importer(815301076,1909f56bfc062723c751e8b465ee728b) [PhysX] Initialized MultithreadedTaskDispatcher with 32 workers.
 -> (artifact id: '08cc8add592cc9fbd92694f3de66a29e') in 0.004466 seconds
Number of updated asset objects reloaded before import = 0
Number of asset objects unloaded after import = 3
========================================================================
Received Import Request.
  Time since last request: 0.010602 seconds.
  path: Assets/3rdParty/ElvGames/Fantasy Dreamland Reborn/Winter Village/Tiles/FDR_Winter_Village_806.asset
  artifactKey: Guid(59a2399ae4402604f845e571170c7227) Importer(815301076,1909f56bfc062723c751e8b465ee728b)
Start importing Assets/3rdParty/ElvGames/Fantasy Dreamland Reborn/Winter Village/Tiles/FDR_Winter_Village_806.asset using Guid(59a2399ae4402604f845e571170c7227) Importer(815301076,1909f56bfc062723c751e8b465ee728b) [PhysX] Initialized MultithreadedTaskDispatcher with 32 workers.
 -> (artifact id: 'e8a74f57794abfe913772204c59c9823') in 0.005123 seconds
Number of updated asset objects reloaded before import = 0
Number of asset objects unloaded after import = 3
========================================================================
Received Import Request.
  Time since last request: 0.000017 seconds.
  path: Assets/3rdParty/ElvGames/Fantasy Dreamland Reborn/Winter Village/Tiles/FDR_Winter_Village_808.asset
  artifactKey: Guid(cdd1d020f7057ae47ad466dff82e961b) Importer(815301076,1909f56bfc062723c751e8b465ee728b)
Start importing Assets/3rdParty/ElvGames/Fantasy Dreamland Reborn/Winter Village/Tiles/FDR_Winter_Village_808.asset using Guid(cdd1d020f7057ae47ad466dff82e961b) Importer(815301076,1909f56bfc062723c751e8b465ee728b) [PhysX] Initialized MultithreadedTaskDispatcher with 32 workers.
 -> (artifact id: '8cdd48536f63cca7a9ab7ab599a5c742') in 0.004759 seconds
Number of updated asset objects reloaded before import = 0
Number of asset objects unloaded after import = 3
========================================================================
Received Import Request.
  Time since last request: 5.834512 seconds.
  path: Assets/3rdParty/TopDownEngine/ThirdParty/MoreMountains/MMInterface/Styles/Mini/Prefabs/Buttons/HorizontalGradientGreenToBlue/ButtonMain.prefab
  artifactKey: Guid(1af37fbdcf2c4d54cb593859042be277) Importer(815301076,1909f56bfc062723c751e8b465ee728b)
Start importing Assets/3rdParty/TopDownEngine/ThirdParty/MoreMountains/MMInterface/Styles/Mini/Prefabs/Buttons/HorizontalGradientGreenToBlue/ButtonMain.prefab using Guid(1af37fbdcf2c4d54cb593859042be277) Importer(815301076,1909f56bfc062723c751e8b465ee728b) [PhysX] Initialized MultithreadedTaskDispatcher with 32 workers.
 -> (artifact id: '0afa9a307a268db29fcdcaf955ef5d1c') in 0.012491 seconds
Number of updated asset objects reloaded before import = 0
Number of asset objects unloaded after import = 25
========================================================================
Received Import Request.
  Time since last request: 0.000014 seconds.
  path: Assets/3rdParty/TopDownEngine/ThirdParty/MoreMountains/MMInterface/Styles/Mini/Prefabs/Buttons/Yellow/ButtonMain.prefab
  artifactKey: Guid(a493807fdd6e16b498ee2f998e5a34a1) Importer(815301076,1909f56bfc062723c751e8b465ee728b)
Start importing Assets/3rdParty/TopDownEngine/ThirdParty/MoreMountains/MMInterface/Styles/Mini/Prefabs/Buttons/Yellow/ButtonMain.prefab using Guid(a493807fdd6e16b498ee2f998e5a34a1) Importer(815301076,1909f56bfc062723c751e8b465ee728b) [PhysX] Initialized MultithreadedTaskDispatcher with 32 workers.
 -> (artifact id: 'b433f69040a8a924b775e07b7a3ea524') in 0.003576 seconds
Number of updated asset objects reloaded before import = 0
Number of asset objects unloaded after import = 23
========================================================================
Received Import Request.
  Time since last request: 0.000021 seconds.
  path: Assets/3rdParty/TopDownEngine/ThirdParty/MoreMountains/MMFeedbacks/Demos/MMFeedbacksDemo/Camera/MMFeedbacksDemo Main Camera Profile.asset
  artifactKey: Guid(3df5c6d6c97a31e469c12a71aa1834ac) Importer(815301076,1909f56bfc062723c751e8b465ee728b)
Start importing Assets/3rdParty/TopDownEngine/ThirdParty/MoreMountains/MMFeedbacks/Demos/MMFeedbacksDemo/Camera/MMFeedbacksDemo Main Camera Profile.asset using Guid(3df5c6d6c97a31e469c12a71aa1834ac) Importer(815301076,1909f56bfc062723c751e8b465ee728b) [PhysX] Initialized MultithreadedTaskDispatcher with 32 workers.
 -> (artifact id: '9b6a81ab8956f9722491cc224c0991c5') in 0.007243 seconds
Number of updated asset objects reloaded before import = 0
Number of asset objects unloaded after import = 8
========================================================================
Received Import Request.
  Time since last request: 0.000012 seconds.
  path: Assets/3rdParty/TopDownEngine/ThirdParty/MoreMountains/MMInterface/Styles/Mini/Prefabs/Buttons/VerticalGradientBlueToCyan/ButtonMain.prefab
  artifactKey: Guid(e1394f70739be984eb03fddf70346aeb) Importer(815301076,1909f56bfc062723c751e8b465ee728b)
Start importing Assets/3rdParty/TopDownEngine/ThirdParty/MoreMountains/MMInterface/Styles/Mini/Prefabs/Buttons/VerticalGradientBlueToCyan/ButtonMain.prefab using Guid(e1394f70739be984eb03fddf70346aeb) Importer(815301076,1909f56bfc062723c751e8b465ee728b) [PhysX] Initialized MultithreadedTaskDispatcher with 32 workers.
 -> (artifact id: '46035d672c5a984bf42ffc0f9a89de63') in 0.004041 seconds
Number of updated asset objects reloaded before import = 0
Number of asset objects unloaded after import = 25
========================================================================
Received Import Request.
  Time since last request: 0.000012 seconds.
  path: Assets/3rdParty/TopDownEngine/ThirdParty/MoreMountains/MMInterface/Styles/Mini/Prefabs/Buttons/VerticalGradientBlueToPurple/ButtonMain.prefab
  artifactKey: Guid(81e3295a2666d334ebf19ce600ad89f2) Importer(815301076,1909f56bfc062723c751e8b465ee728b)
Start importing Assets/3rdParty/TopDownEngine/ThirdParty/MoreMountains/MMInterface/Styles/Mini/Prefabs/Buttons/VerticalGradientBlueToPurple/ButtonMain.prefab using Guid(81e3295a2666d334ebf19ce600ad89f2) Importer(815301076,1909f56bfc062723c751e8b465ee728b) [PhysX] Initialized MultithreadedTaskDispatcher with 32 workers.
 -> (artifact id: 'e1953b5e36d848b34b22eaad2acd57b6') in 0.003716 seconds
Number of updated asset objects reloaded before import = 0
Number of asset objects unloaded after import = 25
========================================================================
Received Import Request.
  Time since last request: 0.000013 seconds.
  path: Assets/3rdParty/TopDownEngine/ThirdParty/MoreMountains/MMInterface/Styles/Mini/Prefabs/Buttons/Pink/ButtonMain.prefab
  artifactKey: Guid(2b71dfa2846f98f4389d55ee3cad3d62) Importer(815301076,1909f56bfc062723c751e8b465ee728b)
Start importing Assets/3rdParty/TopDownEngine/ThirdParty/MoreMountains/MMInterface/Styles/Mini/Prefabs/Buttons/Pink/ButtonMain.prefab using Guid(2b71dfa2846f98f4389d55ee3cad3d62) Importer(815301076,1909f56bfc062723c751e8b465ee728b) [PhysX] Initialized MultithreadedTaskDispatcher with 32 workers.
 -> (artifact id: '5d5f3487aa415955943c8d652a3a7a8a') in 0.003105 seconds
Number of updated asset objects reloaded before import = 0
Number of asset objects unloaded after import = 24
========================================================================
Received Import Request.
  Time since last request: 0.000012 seconds.
  path: Assets/3rdParty/TopDownEngine/ThirdParty/MoreMountains/MMInterface/Styles/Mini/Prefabs/Buttons/Green/ButtonMain.prefab
  artifactKey: Guid(343ad519daee6a84d9b0f4c366b014f7) Importer(815301076,1909f56bfc062723c751e8b465ee728b)
Start importing Assets/3rdParty/TopDownEngine/ThirdParty/MoreMountains/MMInterface/Styles/Mini/Prefabs/Buttons/Green/ButtonMain.prefab using Guid(343ad519daee6a84d9b0f4c366b014f7) Importer(815301076,1909f56bfc062723c751e8b465ee728b) [PhysX] Initialized MultithreadedTaskDispatcher with 32 workers.
 -> (artifact id: 'a7b588138dbc467749b4140bf472f576') in 0.003628 seconds
Number of updated asset objects reloaded before import = 0
Number of asset objects unloaded after import = 24
========================================================================
Received Import Request.
  Time since last request: 0.000010 seconds.
  path: Assets/3rdParty/TopDownEngine/ThirdParty/MoreMountains/MMInterface/Styles/Mini/Prefabs/Buttons/LightGreen/ButtonMain.prefab
  artifactKey: Guid(95d881f194f010544846d1f3ccd5e853) Importer(815301076,1909f56bfc062723c751e8b465ee728b)
Start importing Assets/3rdParty/TopDownEngine/ThirdParty/MoreMountains/MMInterface/Styles/Mini/Prefabs/Buttons/LightGreen/ButtonMain.prefab using Guid(95d881f194f010544846d1f3ccd5e853) Importer(815301076,1909f56bfc062723c751e8b465ee728b) [PhysX] Initialized MultithreadedTaskDispatcher with 32 workers.
 -> (artifact id: '4e19e5bd7f03bb6d3621c4b87b91a726') in 0.002293 seconds
Number of updated asset objects reloaded before import = 0
Number of asset objects unloaded after import = 24
========================================================================
Received Import Request.
  Time since last request: 0.000042 seconds.
  path: Assets/3rdParty/TopDownEngine/ThirdParty/MoreMountains/MMInterface/Styles/Mini/Prefabs/Buttons/Grey/ButtonMain.prefab
  artifactKey: Guid(53aaed52e45f559478f7e62d42477c28) Importer(815301076,1909f56bfc062723c751e8b465ee728b)
Start importing Assets/3rdParty/TopDownEngine/ThirdParty/MoreMountains/MMInterface/Styles/Mini/Prefabs/Buttons/Grey/ButtonMain.prefab using Guid(53aaed52e45f559478f7e62d42477c28) Importer(815301076,1909f56bfc062723c751e8b465ee728b) [PhysX] Initialized MultithreadedTaskDispatcher with 32 workers.
 -> (artifact id: 'dd93f8f9203203554a9a68a03d2543d6') in 0.002427 seconds
Number of updated asset objects reloaded before import = 0
Number of asset objects unloaded after import = 24
========================================================================
Received Import Request.
  Time since last request: 0.000016 seconds.
  path: Assets/3rdParty/TopDownEngine/Demos/Explodudes/Materials/Characters/ExplodudesGreenMain.mat
  artifactKey: Guid(74196bb0a3305b54c81e81dd68f37a88) Importer(815301076,1909f56bfc062723c751e8b465ee728b)
Start importing Assets/3rdParty/TopDownEngine/Demos/Explodudes/Materials/Characters/ExplodudesGreenMain.mat using Guid(74196bb0a3305b54c81e81dd68f37a88) Importer(815301076,1909f56bfc062723c751e8b465ee728b) [PhysX] Initialized MultithreadedTaskDispatcher with 32 workers.
[PhysX] Initialized MultithreadedTaskDispatcher with 32 workers.
 -> (artifact id: '01f53bef0f5678c565e016c12107981c') in 0.038365 seconds
Number of updated asset objects reloaded before import = 0
Number of asset objects unloaded after import = 3
========================================================================
Received Import Request.
  Time since last request: 0.000048 seconds.
  path: Assets/3rdParty/TopDownEngine/Demos/Explodudes/Materials/Characters/ExplodudesRedMain.mat
  artifactKey: Guid(d94e26b94ac45b94d942b23aae703f51) Importer(815301076,1909f56bfc062723c751e8b465ee728b)
Start importing Assets/3rdParty/TopDownEngine/Demos/Explodudes/Materials/Characters/ExplodudesRedMain.mat using Guid(d94e26b94ac45b94d942b23aae703f51) Importer(815301076,1909f56bfc062723c751e8b465ee728b) [PhysX] Initialized MultithreadedTaskDispatcher with 32 workers.
[PhysX] Initialized MultithreadedTaskDispatcher with 32 workers.
 -> (artifact id: 'a0d8ba0e9c704a3f451101bef90b3ebb') in 0.010510 seconds
Number of updated asset objects reloaded before import = 0
Number of asset objects unloaded after import = 3
========================================================================
Received Import Request.
  Time since last request: 0.000032 seconds.
  path: Assets/3rdParty/TopDownEngine/ThirdParty/MoreMountains/MMInterface/Styles/Mini/Prefabs/Buttons/DarkGrey/ButtonMain.prefab
  artifactKey: Guid(11b2a33de3ac06744892c3a960fa1315) Importer(815301076,1909f56bfc062723c751e8b465ee728b)
Start importing Assets/3rdParty/TopDownEngine/ThirdParty/MoreMountains/MMInterface/Styles/Mini/Prefabs/Buttons/DarkGrey/ButtonMain.prefab using Guid(11b2a33de3ac06744892c3a960fa1315) Importer(815301076,1909f56bfc062723c751e8b465ee728b) [PhysX] Initialized MultithreadedTaskDispatcher with 32 workers.
 -> (artifact id: 'f8afd35fb7d4dd100faf0bb01af2be40') in 0.006104 seconds
Number of updated asset objects reloaded before import = 0
Number of asset objects unloaded after import = 24
========================================================================
Received Import Request.
  Time since last request: 0.000024 seconds.
  path: Assets/3rdParty/TopDownEngine/ThirdParty/MoreMountains/MMInterface/Styles/Mini/Prefabs/Buttons/Cyan/ButtonMain.prefab
  artifactKey: Guid(72cfe9100bc0fb44f896e531b3530e6b) Importer(815301076,1909f56bfc062723c751e8b465ee728b)
Start importing Assets/3rdParty/TopDownEngine/ThirdParty/MoreMountains/MMInterface/Styles/Mini/Prefabs/Buttons/Cyan/ButtonMain.prefab using Guid(72cfe9100bc0fb44f896e531b3530e6b) Importer(815301076,1909f56bfc062723c751e8b465ee728b) [PhysX] Initialized MultithreadedTaskDispatcher with 32 workers.
 -> (artifact id: '7b7ded08a5cbbee09195ca2eccce774c') in 0.005545 seconds
Number of updated asset objects reloaded before import = 0
Number of asset objects unloaded after import = 23
========================================================================
Received Import Request.
  Time since last request: 0.000012 seconds.
  path: Assets/3rdParty/TopDownEngine/ThirdParty/MoreMountains/MMInterface/Styles/Mini/Prefabs/Buttons/HorizontalGradientOrangeToPink/ButtonMain.prefab
  artifactKey: Guid(c4d8c010142c1cf42afafdd5dd52bf67) Importer(815301076,1909f56bfc062723c751e8b465ee728b)
Start importing Assets/3rdParty/TopDownEngine/ThirdParty/MoreMountains/MMInterface/Styles/Mini/Prefabs/Buttons/HorizontalGradientOrangeToPink/ButtonMain.prefab using Guid(c4d8c010142c1cf42afafdd5dd52bf67) Importer(815301076,1909f56bfc062723c751e8b465ee728b) [PhysX] Initialized MultithreadedTaskDispatcher with 32 workers.
 -> (artifact id: '1acb87bc64378b0705a335821b2fa222') in 0.004681 seconds
Number of updated asset objects reloaded before import = 0
Number of asset objects unloaded after import = 25
========================================================================
Received Import Request.
  Time since last request: 0.000032 seconds.
  path: Assets/3rdParty/SPUM/Basic_Resources/Prefab/Pivot_Main.prefab
  artifactKey: Guid(a7de1b4958cd9c541a1e9845540e797f) Importer(815301076,1909f56bfc062723c751e8b465ee728b)
Start importing Assets/3rdParty/SPUM/Basic_Resources/Prefab/Pivot_Main.prefab using Guid(a7de1b4958cd9c541a1e9845540e797f) Importer(815301076,1909f56bfc062723c751e8b465ee728b) [PhysX] Initialized MultithreadedTaskDispatcher with 32 workers.
[PhysX] Initialized MultithreadedTaskDispatcher with 32 workers.
 -> (artifact id: '819e8fd387feae0d0e4117dff39f6917') in 0.027456 seconds
Number of updated asset objects reloaded before import = 0
Number of asset objects unloaded after import = 677
========================================================================
Received Import Request.
  Time since last request: 0.000021 seconds.
  path: Assets/3rdParty/TopDownEngine/ThirdParty/MoreMountains/MMInterface/Styles/Mini/Prefabs/Buttons/Purple/ButtonMain.prefab
  artifactKey: Guid(d98aa36a70c4e3347942879a6e75b6eb) Importer(815301076,1909f56bfc062723c751e8b465ee728b)
Start importing Assets/3rdParty/TopDownEngine/ThirdParty/MoreMountains/MMInterface/Styles/Mini/Prefabs/Buttons/Purple/ButtonMain.prefab using Guid(d98aa36a70c4e3347942879a6e75b6eb) Importer(815301076,1909f56bfc062723c751e8b465ee728b) [PhysX] Initialized MultithreadedTaskDispatcher with 32 workers.
 -> (artifact id: '14a2581222e44065de9a8179851e012c') in 0.004836 seconds
Number of updated asset objects reloaded before import = 0
Number of asset objects unloaded after import = 24
========================================================================
Received Import Request.
  Time since last request: 0.000017 seconds.
  path: Assets/3rdParty/TopDownEngine/ThirdParty/MoreMountains/MMInterface/Styles/Mini/Prefabs/Buttons/LightGrey/ButtonMain.prefab
  artifactKey: Guid(7e56711acd175324ca3f84e3948e71fd) Importer(815301076,1909f56bfc062723c751e8b465ee728b)
Start importing Assets/3rdParty/TopDownEngine/ThirdParty/MoreMountains/MMInterface/Styles/Mini/Prefabs/Buttons/LightGrey/ButtonMain.prefab using Guid(7e56711acd175324ca3f84e3948e71fd) Importer(815301076,1909f56bfc062723c751e8b465ee728b) [PhysX] Initialized MultithreadedTaskDispatcher with 32 workers.
 -> (artifact id: 'b40e7f8524c8e28075e12ec90f365ca6') in 0.005398 seconds
Number of updated asset objects reloaded before import = 0
Number of asset objects unloaded after import = 24
========================================================================
Received Import Request.
  Time since last request: 0.000030 seconds.
  path: Assets/3rdParty/TopDownEngine/ThirdParty/MoreMountains/MMInterface/Styles/Mini/Prefabs/Buttons/Orange/ButtonMain.prefab
  artifactKey: Guid(be0d3de78cd67dd4b9fa32b4d37eaa97) Importer(815301076,1909f56bfc062723c751e8b465ee728b)
Start importing Assets/3rdParty/TopDownEngine/ThirdParty/MoreMountains/MMInterface/Styles/Mini/Prefabs/Buttons/Orange/ButtonMain.prefab using Guid(be0d3de78cd67dd4b9fa32b4d37eaa97) Importer(815301076,1909f56bfc062723c751e8b465ee728b) [PhysX] Initialized MultithreadedTaskDispatcher with 32 workers.
 -> (artifact id: '577d2c1904034b5cc0163aeb7629041f') in 0.005217 seconds
Number of updated asset objects reloaded before import = 0
Number of asset objects unloaded after import = 24
========================================================================
Received Import Request.
  Time since last request: 2.122381 seconds.
  path: Assets/Scenes/MainMenu.unity
  artifactKey: Guid(55b3bb25f04e0a344a8a9e5c900a5b48) Importer(815301076,1909f56bfc062723c751e8b465ee728b)
Start importing Assets/Scenes/MainMenu.unity using Guid(55b3bb25f04e0a344a8a9e5c900a5b48) Importer(815301076,1909f56bfc062723c751e8b465ee728b) [PhysX] Initialized MultithreadedTaskDispatcher with 32 workers.
 -> (artifact id: 'c250e125f2821e2f1ec9769895cbdf46') in 0.000748 seconds
Number of updated asset objects reloaded before import = 0
Number of asset objects unloaded after import = 0
========================================================================
Received Prepare
Shader 'MoreMountains/MMRipple': fallback shader 'Particle/AlphaBlended' not found
Refreshing native plugins compatible for Editor in 5.33 ms, found 5 plugins.
Preloading 0 native plugins for Editor in 0.00 ms.
Unloading 15 Unused Serialized files (Serialized files now loaded: 0)
Unloading 18 unused Assets / (2.1 MB). Loaded Objects now: 7259.
Memory consumption went from 221.2 MB to 219.1 MB.
Total: 16.215900 ms (FindLiveObjects: 2.239700 ms CreateObjectMapping: 1.050400 ms MarkObjects: 11.499900 ms  DeleteObjects: 1.424500 ms)

Prepare: number of updated asset objects reloaded= 0
AssetImportParameters requested are different than current active one (requested -> active):
  custom:container-demuxer-ogg: 62fdf1f143b41e24485cea50d1cbac27 -> 
  custom:framework-win-MediaFoundation: 216162199b28c13a410421893ffa2e32 -> 
  custom:container-muxer-webm: aa71ff27fc2769a1b78a27578f13a17b -> 
  custom:video-decoder-webm-vp8: 9c59270c3fd7afecdb556c50c9e8de78 -> 
  custom:SearchIndexIgnoredProperties: e643bd26f0fe6173181afceb89e7c659 -> 
  custom:AudioImporter_EditorPlatform: d09bf68614088b80899f8185d706f6e7 -> 
  custom:audio-decoder-ogg-vorbis: bf7c407c2cedff20999df2af8eb42d56 -> 
  custom:audio-encoder-webm-vorbis: bf7c407c2cedff20999df2af8eb42d56 -> 
  custom:video-codec-MediaFoundation-h265: 746d11721c4dcdbdad8f713fa42b33f4 -> 
  custom:video-decoder-ogg-theora: a1e56fd34408186e4bbccfd4996cb3dc -> 
  custom:CustomObjectIndexerAttribute: 9a22284fe3817be447336de3de66b15e -> 
  custom:container-demuxer-webm: 4f35f7cbe854078d1ac9338744f61a02 -> 
  custom:video-encoder-webm-vp8: eb34c28f22e8b96e1ab97ce403110664 -> 
========================================================================
Received Prepare
Shader 'MoreMountains/MMRipple': fallback shader 'Particle/AlphaBlended' not found
Refreshing native plugins compatible for Editor in 5.99 ms, found 5 plugins.
Preloading 0 native plugins for Editor in 0.00 ms.
Unloading 16 Unused Serialized files (Serialized files now loaded: 0)
Unloading 16 unused Assets / (2.1 MB). Loaded Objects now: 7259.
Memory consumption went from 221.4 MB to 219.3 MB.
Total: 13.986400 ms (FindLiveObjects: 1.876800 ms CreateObjectMapping: 1.099600 ms MarkObjects: 9.594100 ms  DeleteObjects: 1.413700 ms)

Prepare: number of updated asset objects reloaded= 0
AssetImportParameters requested are different than current active one (requested -> active):
  custom:container-demuxer-ogg: 62fdf1f143b41e24485cea50d1cbac27 -> 
  custom:framework-win-MediaFoundation: 216162199b28c13a410421893ffa2e32 -> 
  custom:container-muxer-webm: aa71ff27fc2769a1b78a27578f13a17b -> 
  custom:video-decoder-webm-vp8: 9c59270c3fd7afecdb556c50c9e8de78 -> 
  custom:SearchIndexIgnoredProperties: e643bd26f0fe6173181afceb89e7c659 -> 
  custom:AudioImporter_EditorPlatform: d09bf68614088b80899f8185d706f6e7 -> 
  custom:audio-decoder-ogg-vorbis: bf7c407c2cedff20999df2af8eb42d56 -> 
  custom:audio-encoder-webm-vorbis: bf7c407c2cedff20999df2af8eb42d56 -> 
  custom:video-codec-MediaFoundation-h265: 746d11721c4dcdbdad8f713fa42b33f4 -> 
  custom:video-decoder-ogg-theora: a1e56fd34408186e4bbccfd4996cb3dc -> 
  custom:CustomObjectIndexerAttribute: 9a22284fe3817be447336de3de66b15e -> 
  custom:container-demuxer-webm: 4f35f7cbe854078d1ac9338744f61a02 -> 
  custom:video-encoder-webm-vp8: eb34c28f22e8b96e1ab97ce403110664 -> 
